id,vote_type_id,creation_timestrmpz
200902212,15,2020-01-07 00:00:00+00:00
129212579,8,2016-12-29 00:00:00+00:00
137334282,11,2017-04-24 00:00:00+00:00
8984880,11,2010-08-04 00:00:00+00:00
111009347,15,2016-04-03 00:00:00+00:00
99245234,15,2015-10-13 00:00:00+00:00
123321054,11,2016-10-01 00:00:00+00:00
175902244,15,2018-11-26 00:00:00+00:00
143057594,11,2017-07-18 00:00:00+00:00
137951838,15,2017-05-03 00:00:00+00:00
137202876,15,2017-04-22 00:00:00+00:00
52317419,15,2013-08-16 00:00:00+00:00
131481540,15,2017-02-01 00:00:00+00:00
97220763,11,2015-09-12 00:00:00+00:00
78806431,15,2014-11-21 00:00:00+00:00
36562746,8,2012-11-16 00:00:00+00:00
138061580,15,2017-05-05 00:00:00+00:00
24290303,8,2012-02-13 00:00:00+00:00
3383376,11,2009-07-23 00:00:00+00:00
30530444,15,2012-07-13 00:00:00+00:00
246589712,11,2022-02-10 00:00:00+00:00
10591754,11,2010-11-02 00:00:00+00:00
72116364,15,2014-07-23 00:00:00+00:00
1548332,9,2009-02-03 00:00:00+00:00
150982663,8,2017-11-10 00:00:00+00:00
77574284,15,2014-10-30 00:00:00+00:00
44227611,15,2013-03-31 00:00:00+00:00
63657067,8,2014-03-02 00:00:00+00:00
195855938,11,2019-10-12 00:00:00+00:00
15152297,15,2011-05-18 00:00:00+00:00
77638853,15,2014-10-31 00:00:00+00:00
16721654,15,2011-06-28 00:00:00+00:00
175163043,8,2018-11-14 00:00:00+00:00
31593533,8,2012-08-07 00:00:00+00:00
195238394,12,2019-10-02 00:00:00+00:00
201023359,4,2020-01-08 00:00:00+00:00
60827451,11,2014-01-16 00:00:00+00:00
187448050,8,2019-05-24 00:00:00+00:00
51706249,9,2013-08-06 00:00:00+00:00
92857126,9,2015-07-08 00:00:00+00:00
78685828,15,2014-11-19 00:00:00+00:00
103974503,15,2015-12-23 00:00:00+00:00
15841350,15,2011-06-10 00:00:00+00:00
239366108,15,2021-09-28 00:00:00+00:00
111014381,8,2016-04-03 00:00:00+00:00
104404509,11,2015-12-31 00:00:00+00:00
23966913,15,2012-02-05 00:00:00+00:00
23431656,15,2012-01-22 00:00:00+00:00
234451985,11,2021-06-30 00:00:00+00:00
227960061,11,2021-03-11 00:00:00+00:00
91929071,15,2015-06-24 00:00:00+00:00
201909463,15,2020-01-23 00:00:00+00:00
53263180,15,2013-09-03 00:00:00+00:00
116314384,9,2016-06-18 00:00:00+00:00
247831449,15,2022-03-06 00:00:00+00:00
131269464,11,2017-01-29 00:00:00+00:00
110372354,12,2016-03-24 00:00:00+00:00
104707278,15,2016-01-06 00:00:00+00:00
29947198,15,2012-06-30 00:00:00+00:00
37076769,15,2012-11-26 00:00:00+00:00
251955987,9,2022-05-26 00:00:00+00:00
30451651,9,2012-07-12 00:00:00+00:00
247129127,9,2022-02-20 00:00:00+00:00
13349985,15,2011-03-12 00:00:00+00:00
206691946,15,2020-04-09 00:00:00+00:00
38139368,11,2012-12-15 00:00:00+00:00
247258853,11,2022-02-23 00:00:00+00:00
155253649,15,2018-01-17 00:00:00+00:00
149204911,15,2017-10-15 00:00:00+00:00
23756064,8,2012-01-31 00:00:00+00:00
249374497,11,2022-04-05 00:00:00+00:00
169481608,15,2018-08-16 00:00:00+00:00
200155687,15,2019-12-21 00:00:00+00:00
202377411,15,2020-01-30 00:00:00+00:00
86348191,15,2015-04-02 00:00:00+00:00
183055172,15,2019-03-17 00:00:00+00:00
241412140,15,2021-11-05 00:00:00+00:00
157296553,11,2018-02-15 00:00:00+00:00
63622714,15,2014-03-01 00:00:00+00:00
234291122,11,2021-06-27 00:00:00+00:00
12338612,15,2011-01-30 00:00:00+00:00
150715129,11,2017-11-07 00:00:00+00:00
182122863,9,2019-03-04 00:00:00+00:00
24560520,15,2012-02-20 00:00:00+00:00
112534978,8,2016-04-24 00:00:00+00:00
245131025,15,2022-01-15 00:00:00+00:00
110013214,9,2016-03-19 00:00:00+00:00
164035783,15,2018-05-24 00:00:00+00:00
252883903,15,2022-06-14 00:00:00+00:00
201122652,8,2020-01-10 00:00:00+00:00
118004941,15,2016-07-14 00:00:00+00:00
11265856,8,2010-12-07 00:00:00+00:00
240897516,12,2021-10-27 00:00:00+00:00
174794955,15,2018-11-08 00:00:00+00:00
161927422,11,2018-04-23 00:00:00+00:00
129905359,9,2017-01-10 00:00:00+00:00
24062531,15,2012-02-07 00:00:00+00:00
221781191,15,2020-11-29 00:00:00+00:00
156126036,8,2018-01-30 00:00:00+00:00
86643269,11,2015-04-08 00:00:00+00:00
64594209,15,2014-03-16 00:00:00+00:00
30623512,8,2012-07-16 00:00:00+00:00
207977707,15,2020-04-28 00:00:00+00:00
100584366,15,2015-11-02 00:00:00+00:00
45488879,15,2013-04-20 00:00:00+00:00
70528128,15,2014-06-25 00:00:00+00:00
11314532,9,2010-12-09 00:00:00+00:00
253429848,9,2022-06-24 00:00:00+00:00
163602428,15,2018-05-18 00:00:00+00:00
149199586,15,2017-10-15 00:00:00+00:00
77757530,8,2014-11-03 00:00:00+00:00
30464064,8,2012-07-12 00:00:00+00:00
201051637,11,2020-01-09 00:00:00+00:00
7951942,11,2010-06-04 00:00:00+00:00
238648583,8,2021-09-15 00:00:00+00:00
23276057,15,2012-01-18 00:00:00+00:00
183074568,15,2019-03-17 00:00:00+00:00
23105150,9,2012-01-13 00:00:00+00:00
240715597,12,2021-10-23 00:00:00+00:00
220527824,8,2020-11-08 00:00:00+00:00
136538039,15,2017-04-12 00:00:00+00:00
200513806,9,2019-12-30 00:00:00+00:00
247889685,15,2022-03-07 00:00:00+00:00
65465700,9,2014-03-30 00:00:00+00:00
149160103,15,2017-10-14 00:00:00+00:00
104889030,8,2016-01-08 00:00:00+00:00
3503923,11,2009-08-03 00:00:00+00:00
11599827,15,2010-12-24 00:00:00+00:00
247702057,15,2022-03-03 00:00:00+00:00
142024863,9,2017-07-03 00:00:00+00:00
84134995,11,2015-02-24 00:00:00+00:00
201755931,9,2020-01-21 00:00:00+00:00
87054580,11,2015-04-14 00:00:00+00:00
10217308,11,2010-10-13 00:00:00+00:00
201128775,9,2020-01-10 00:00:00+00:00
64972588,8,2014-03-22 00:00:00+00:00
225875110,15,2021-02-06 00:00:00+00:00
164109988,11,2018-05-25 00:00:00+00:00
30052775,11,2012-07-03 00:00:00+00:00
73055801,11,2014-08-09 00:00:00+00:00
16687014,9,2011-06-27 00:00:00+00:00
18230922,11,2011-08-17 00:00:00+00:00
104423477,11,2015-12-31 00:00:00+00:00
23598822,11,2012-01-26 00:00:00+00:00
239051104,11,2021-09-23 00:00:00+00:00
84708494,12,2015-03-05 00:00:00+00:00
241103629,15,2021-10-30 00:00:00+00:00
136208865,11,2017-04-07 00:00:00+00:00
238824349,15,2021-09-19 00:00:00+00:00
228289867,15,2021-03-17 00:00:00+00:00
113531094,11,2016-05-09 00:00:00+00:00
129235157,11,2016-12-29 00:00:00+00:00
227957603,15,2021-03-11 00:00:00+00:00
168597714,15,2018-08-03 00:00:00+00:00
228722961,15,2021-03-24 00:00:00+00:00
180993004,15,2019-02-15 00:00:00+00:00
201023210,4,2020-01-08 00:00:00+00:00
189547287,15,2019-06-28 00:00:00+00:00
57108739,9,2013-11-11 00:00:00+00:00
78396264,11,2014-11-13 00:00:00+00:00
227209814,8,2021-02-27 00:00:00+00:00
149307601,8,2017-10-17 00:00:00+00:00
46085522,11,2013-04-30 00:00:00+00:00
181186134,15,2019-02-18 00:00:00+00:00
175599226,8,2018-11-21 00:00:00+00:00
138176743,9,2017-05-07 00:00:00+00:00
149125698,12,2017-10-13 00:00:00+00:00
168515257,15,2018-08-02 00:00:00+00:00
86240539,15,2015-03-31 00:00:00+00:00
241521049,15,2021-11-07 00:00:00+00:00
253391626,15,2022-06-23 00:00:00+00:00
104549327,8,2016-01-04 00:00:00+00:00
30041982,15,2012-07-03 00:00:00+00:00
46551001,15,2013-05-08 00:00:00+00:00
226828945,15,2021-02-22 00:00:00+00:00
163369496,11,2018-05-15 00:00:00+00:00
155234951,11,2018-01-17 00:00:00+00:00
103781429,15,2015-12-20 00:00:00+00:00
239439509,9,2021-09-30 00:00:00+00:00
155814467,11,2018-01-25 00:00:00+00:00
163439898,8,2018-05-16 00:00:00+00:00
15957022,9,2011-06-14 00:00:00+00:00
234081849,11,2021-06-23 00:00:00+00:00
110690027,9,2016-03-29 00:00:00+00:00
65382541,15,2014-03-28 00:00:00+00:00
225874017,15,2021-02-06 00:00:00+00:00
129366717,15,2017-01-02 00:00:00+00:00
11190835,8,2010-12-03 00:00:00+00:00
58957094,8,2013-12-12 00:00:00+00:00
251972028,15,2022-05-26 00:00:00+00:00
43227678,15,2013-03-15 00:00:00+00:00
132884687,9,2017-02-20 00:00:00+00:00
36379810,15,2012-11-13 00:00:00+00:00
39914143,11,2013-01-18 00:00:00+00:00
212612740,11,2020-07-03 00:00:00+00:00
241967870,15,2021-11-15 00:00:00+00:00
180732947,15,2019-02-12 00:00:00+00:00
87054535,11,2015-04-14 00:00:00+00:00
84824670,8,2015-03-08 00:00:00+00:00
227726237,8,2021-03-08 00:00:00+00:00
59683019,11,2013-12-26 00:00:00+00:00
149238685,15,2017-10-16 00:00:00+00:00
15650858,15,2011-06-04 00:00:00+00:00
129725034,11,2017-01-06 00:00:00+00:00
181783174,15,2019-02-27 00:00:00+00:00
44854575,15,2013-04-10 00:00:00+00:00
58838690,11,2013-12-11 00:00:00+00:00
61383733,15,2014-01-26 00:00:00+00:00
251963279,8,2022-05-26 00:00:00+00:00
122934656,8,2016-09-26 00:00:00+00:00
123513221,15,2016-10-04 00:00:00+00:00
214397450,11,2020-07-29 00:00:00+00:00
241030208,11,2021-10-29 00:00:00+00:00
22309675,11,2011-12-20 00:00:00+00:00
23764222,11,2012-01-31 00:00:00+00:00
30233898,9,2012-07-07 00:00:00+00:00
199874082,15,2019-12-17 00:00:00+00:00
92875793,15,2015-07-08 00:00:00+00:00
43676477,15,2013-03-22 00:00:00+00:00
226243777,8,2021-02-12 00:00:00+00:00
23453866,11,2012-01-23 00:00:00+00:00
17229870,9,2011-07-15 00:00:00+00:00
100052456,15,2015-10-26 00:00:00+00:00
161958572,11,2018-04-23 00:00:00+00:00
86332245,8,2015-04-02 00:00:00+00:00
63924618,15,2014-03-06 00:00:00+00:00
43816686,15,2013-03-24 00:00:00+00:00
37919086,9,2012-12-11 00:00:00+00:00
252994846,9,2022-06-15 00:00:00+00:00
78115024,9,2014-11-09 00:00:00+00:00
131553163,8,2017-02-02 00:00:00+00:00
47016926,11,2013-05-16 00:00:00+00:00
206691754,15,2020-04-09 00:00:00+00:00
79499487,15,2014-12-03 00:00:00+00:00
189296218,15,2019-06-24 00:00:00+00:00
227173067,8,2021-02-26 00:00:00+00:00
158473014,15,2018-03-05 00:00:00+00:00
91873009,15,2015-06-23 00:00:00+00:00
51144978,15,2013-07-26 00:00:00+00:00
24049414,8,2012-02-07 00:00:00+00:00
90750919,15,2015-06-07 00:00:00+00:00
144335948,15,2017-08-04 00:00:00+00:00
193393223,15,2019-08-31 00:00:00+00:00
249318373,15,2022-04-04 00:00:00+00:00
175205817,8,2018-11-14 00:00:00+00:00
90233593,15,2015-05-30 00:00:00+00:00
214493714,15,2020-07-31 00:00:00+00:00
221136596,8,2020-11-18 00:00:00+00:00
47123118,8,2013-05-17 00:00:00+00:00
29383780,15,2012-06-18 00:00:00+00:00
91328568,15,2015-06-15 00:00:00+00:00
158008572,11,2018-02-26 00:00:00+00:00
22890593,9,2012-01-07 00:00:00+00:00
220323947,9,2020-11-04 00:00:00+00:00
58305631,11,2013-12-02 00:00:00+00:00
124135639,15,2016-10-13 00:00:00+00:00
162827626,15,2018-05-07 00:00:00+00:00
157404444,15,2018-02-17 00:00:00+00:00
74036801,15,2014-08-27 00:00:00+00:00
124418169,15,2016-10-18 00:00:00+00:00
93015505,15,2015-07-10 00:00:00+00:00
233606594,15,2021-06-15 00:00:00+00:00
129788546,15,2017-01-08 00:00:00+00:00
14906481,11,2011-05-10 00:00:00+00:00
24158474,15,2012-02-09 00:00:00+00:00
220988657,8,2020-11-16 00:00:00+00:00
144500972,15,2017-08-07 00:00:00+00:00
112562906,8,2016-04-25 00:00:00+00:00
135546389,15,2017-03-29 00:00:00+00:00
245376744,15,2022-01-20 00:00:00+00:00
11744528,15,2011-01-03 00:00:00+00:00
64183120,15,2014-03-10 00:00:00+00:00
220729919,15,2020-11-11 00:00:00+00:00
215103327,11,2020-08-10 00:00:00+00:00
201598395,8,2020-01-17 00:00:00+00:00
58429205,11,2013-12-04 00:00:00+00:00
241859667,11,2021-11-13 00:00:00+00:00
116305314,15,2016-06-18 00:00:00+00:00
29918161,11,2012-06-29 00:00:00+00:00
227163892,11,2021-02-26 00:00:00+00:00
50191707,15,2013-07-10 00:00:00+00:00
137613611,15,2017-04-28 00:00:00+00:00
119653866,15,2016-08-08 00:00:00+00:00
193245238,11,2019-08-29 00:00:00+00:00
180656325,11,2019-02-11 00:00:00+00:00
137560208,15,2017-04-27 00:00:00+00:00
123575653,15,2016-10-05 00:00:00+00:00
71483363,11,2014-07-12 00:00:00+00:00
91400204,11,2015-06-16 00:00:00+00:00
63826856,15,2014-03-04 00:00:00+00:00
245430842,15,2022-01-20 00:00:00+00:00
200211974,9,2019-12-23 00:00:00+00:00
32169707,9,2012-08-20 00:00:00+00:00
30835618,15,2012-07-20 00:00:00+00:00
43285937,15,2013-03-15 00:00:00+00:00
18214203,11,2011-08-16 00:00:00+00:00
246978353,9,2022-02-17 00:00:00+00:00
138379234,8,2017-05-10 00:00:00+00:00
227100076,15,2021-02-25 00:00:00+00:00
176866720,4,2018-12-11 00:00:00+00:00
29490209,15,2012-06-20 00:00:00+00:00
249423000,12,2022-04-06 00:00:00+00:00
111872682,11,2016-04-15 00:00:00+00:00
130600240,8,2017-01-19 00:00:00+00:00
174213281,11,2018-10-30 00:00:00+00:00
50672434,15,2013-07-18 00:00:00+00:00
213360541,12,2020-07-14 00:00:00+00:00
188003167,9,2019-06-03 00:00:00+00:00
51190204,15,2013-07-27 00:00:00+00:00
84269652,15,2015-02-26 00:00:00+00:00
105230767,15,2016-01-13 00:00:00+00:00
91206814,11,2015-06-13 00:00:00+00:00
31955780,15,2012-08-15 00:00:00+00:00
199732381,15,2019-12-14 00:00:00+00:00
10452566,11,2010-10-25 00:00:00+00:00
183008032,9,2019-03-16 00:00:00+00:00
29758606,11,2012-06-26 00:00:00+00:00
46234452,11,2013-05-02 00:00:00+00:00
234314828,11,2021-06-28 00:00:00+00:00
110022694,11,2016-03-19 00:00:00+00:00
57101430,15,2013-11-11 00:00:00+00:00
78258209,15,2014-11-11 00:00:00+00:00
130344573,15,2017-01-16 00:00:00+00:00
240364058,11,2021-10-17 00:00:00+00:00
207687112,8,2020-04-24 00:00:00+00:00
206704299,9,2020-04-10 00:00:00+00:00
219623878,15,2020-10-23 00:00:00+00:00
8190760,8,2010-06-18 00:00:00+00:00
57145598,15,2013-11-12 00:00:00+00:00
17071543,15,2011-07-10 00:00:00+00:00
125112561,15,2016-10-27 00:00:00+00:00
194492678,8,2019-09-19 00:00:00+00:00
233131608,11,2021-06-07 00:00:00+00:00
93460936,12,2015-07-17 00:00:00+00:00
246201669,15,2022-02-03 00:00:00+00:00
228749769,15,2021-03-24 00:00:00+00:00
65156737,15,2014-03-25 00:00:00+00:00
36651892,8,2012-11-18 00:00:00+00:00
240148226,12,2021-10-13 00:00:00+00:00
239554692,15,2021-10-02 00:00:00+00:00
135960002,11,2017-04-04 00:00:00+00:00
137559411,8,2017-04-27 00:00:00+00:00
46780656,8,2013-05-12 00:00:00+00:00
200054888,12,2019-12-19 00:00:00+00:00
182204801,8,2019-03-05 00:00:00+00:00
234522250,8,2021-07-01 00:00:00+00:00
234668353,15,2021-07-04 00:00:00+00:00
90643290,8,2015-06-05 00:00:00+00:00
181865878,15,2019-02-27 00:00:00+00:00
57369133,11,2013-11-15 00:00:00+00:00
24337022,15,2012-02-14 00:00:00+00:00
22950450,15,2012-01-09 00:00:00+00:00
37132658,15,2012-11-27 00:00:00+00:00
58891352,15,2013-12-12 00:00:00+00:00
187277428,11,2019-05-21 00:00:00+00:00
155986136,15,2018-01-28 00:00:00+00:00
73142359,15,2014-08-11 00:00:00+00:00
227282203,15,2021-03-01 00:00:00+00:00
228549862,8,2021-03-21 00:00:00+00:00
233480622,8,2021-06-13 00:00:00+00:00
167780511,11,2018-07-22 00:00:00+00:00
97773765,15,2015-09-21 00:00:00+00:00
38339631,9,2012-12-19 00:00:00+00:00
32068800,15,2012-08-17 00:00:00+00:00
87290012,15,2015-04-17 00:00:00+00:00
104555266,15,2016-01-04 00:00:00+00:00
45242936,15,2013-04-16 00:00:00+00:00
23903993,15,2012-02-03 00:00:00+00:00
149113798,11,2017-10-13 00:00:00+00:00
226325435,8,2021-02-13 00:00:00+00:00
14883902,8,2011-05-10 00:00:00+00:00
105264738,9,2016-01-13 00:00:00+00:00
85264795,15,2015-03-15 00:00:00+00:00
31344618,15,2012-08-01 00:00:00+00:00
187706530,15,2019-05-29 00:00:00+00:00
200146189,15,2019-12-21 00:00:00+00:00
65709894,11,2014-04-03 00:00:00+00:00
175466936,11,2018-11-19 00:00:00+00:00
86821589,15,2015-04-10 00:00:00+00:00
117077527,11,2016-06-30 00:00:00+00:00
253679255,15,2022-06-29 00:00:00+00:00
116580633,15,2016-06-22 00:00:00+00:00
137246570,15,2017-04-23 00:00:00+00:00
161259988,9,2018-04-13 00:00:00+00:00
36299045,15,2012-11-11 00:00:00+00:00
7951044,8,2010-06-04 00:00:00+00:00
220327156,11,2020-11-05 00:00:00+00:00
208061681,11,2020-04-29 00:00:00+00:00
160035948,9,2018-03-27 00:00:00+00:00
195627186,11,2019-10-09 00:00:00+00:00
79534225,11,2014-12-04 00:00:00+00:00
169124018,12,2018-08-11 00:00:00+00:00
93166407,11,2015-07-13 00:00:00+00:00
199639695,15,2019-12-12 00:00:00+00:00
43733102,11,2013-03-22 00:00:00+00:00
252893378,15,2022-06-14 00:00:00+00:00
143793312,15,2017-07-28 00:00:00+00:00
87040054,15,2015-04-14 00:00:00+00:00
227064186,15,2021-02-25 00:00:00+00:00
214483327,15,2020-07-30 00:00:00+00:00
155925062,11,2018-01-27 00:00:00+00:00
202061026,8,2020-01-25 00:00:00+00:00
38061511,15,2012-12-13 00:00:00+00:00
58007758,9,2013-11-26 00:00:00+00:00
91861615,15,2015-06-23 00:00:00+00:00
228138894,11,2021-03-15 00:00:00+00:00
162771929,8,2018-05-05 00:00:00+00:00
50466373,11,2013-07-15 00:00:00+00:00
202095279,15,2020-01-26 00:00:00+00:00
72228914,15,2014-07-25 00:00:00+00:00
85385770,11,2015-03-17 00:00:00+00:00
207503918,9,2020-04-21 00:00:00+00:00
53172367,8,2013-09-01 00:00:00+00:00
99504309,15,2015-10-16 00:00:00+00:00
165074710,15,2018-06-09 00:00:00+00:00
180497843,15,2019-02-08 00:00:00+00:00
181019666,15,2019-02-15 00:00:00+00:00
138222491,11,2017-05-08 00:00:00+00:00
52653025,15,2013-08-22 00:00:00+00:00
29937661,11,2012-06-30 00:00:00+00:00
123903054,9,2016-10-10 00:00:00+00:00
25117791,11,2012-03-05 00:00:00+00:00
18111405,15,2011-08-12 00:00:00+00:00
64124980,15,2014-03-09 00:00:00+00:00
213110037,15,2020-07-10 00:00:00+00:00
71532063,15,2014-07-13 00:00:00+00:00
29633141,15,2012-06-23 00:00:00+00:00
142459998,11,2017-07-10 00:00:00+00:00
251706531,12,2022-05-21 00:00:00+00:00
44407077,15,2013-04-03 00:00:00+00:00
64779396,15,2014-03-19 00:00:00+00:00
253203361,8,2022-06-20 00:00:00+00:00
90363304,15,2015-06-01 00:00:00+00:00
99078715,8,2015-10-10 00:00:00+00:00
15294597,15,2011-05-23 00:00:00+00:00
10685691,8,2010-11-07 00:00:00+00:00
251855166,15,2022-05-24 00:00:00+00:00
228179130,11,2021-03-15 00:00:00+00:00
16769929,15,2011-06-29 00:00:00+00:00
43679834,15,2013-03-22 00:00:00+00:00
73616392,11,2014-08-19 00:00:00+00:00
118612110,15,2016-07-23 00:00:00+00:00
234546274,9,2021-07-01 00:00:00+00:00
155904709,15,2018-01-26 00:00:00+00:00
91258625,11,2015-06-14 00:00:00+00:00
248515843,15,2022-03-20 00:00:00+00:00
215319498,15,2020-08-13 00:00:00+00:00
60126994,15,2014-01-05 00:00:00+00:00
207859146,9,2020-04-27 00:00:00+00:00
36536484,15,2012-11-15 00:00:00+00:00
45570289,15,2013-04-22 00:00:00+00:00
136541338,9,2017-04-12 00:00:00+00:00
111422047,15,2016-04-08 00:00:00+00:00
104435332,4,2016-01-01 00:00:00+00:00
10901850,8,2010-11-18 00:00:00+00:00
249943596,11,2022-04-16 00:00:00+00:00
91302452,15,2015-06-15 00:00:00+00:00
193465759,9,2019-09-02 00:00:00+00:00
92013766,15,2015-06-25 00:00:00+00:00
31745950,15,2012-08-10 00:00:00+00:00
213971079,12,2020-07-23 00:00:00+00:00
235765222,12,2021-07-24 00:00:00+00:00
71299451,8,2014-07-09 00:00:00+00:00
109970333,15,2016-03-18 00:00:00+00:00
109729198,15,2016-03-15 00:00:00+00:00
141958365,15,2017-07-02 00:00:00+00:00
142829324,15,2017-07-14 00:00:00+00:00
219424189,9,2020-10-21 00:00:00+00:00
46444914,15,2013-05-07 00:00:00+00:00
117699277,15,2016-07-09 00:00:00+00:00
59093136,11,2013-12-16 00:00:00+00:00
52435816,15,2013-08-19 00:00:00+00:00
135635360,11,2017-03-30 00:00:00+00:00
247073195,15,2022-02-19 00:00:00+00:00
65782747,8,2014-04-04 00:00:00+00:00
111237598,8,2016-04-06 00:00:00+00:00
37509769,15,2012-12-04 00:00:00+00:00
78817207,9,2014-11-21 00:00:00+00:00
246412818,15,2022-02-07 00:00:00+00:00
46981963,8,2013-05-15 00:00:00+00:00
233222141,15,2021-06-08 00:00:00+00:00
18183412,11,2011-08-15 00:00:00+00:00
24104211,15,2012-02-08 00:00:00+00:00
214589586,11,2020-08-02 00:00:00+00:00
154736549,11,2018-01-09 00:00:00+00:00
22636216,15,2011-12-31 00:00:00+00:00
30388236,15,2012-07-11 00:00:00+00:00
233008378,11,2021-06-04 00:00:00+00:00
79446343,15,2014-12-03 00:00:00+00:00
24139263,15,2012-02-09 00:00:00+00:00
51873128,9,2013-08-08 00:00:00+00:00
73844698,8,2014-08-23 00:00:00+00:00
150503394,11,2017-11-03 00:00:00+00:00
202918302,11,2020-02-08 00:00:00+00:00
174032647,11,2018-10-26 00:00:00+00:00
149286448,15,2017-10-16 00:00:00+00:00
83648368,11,2015-02-16 00:00:00+00:00
23119672,15,2012-01-13 00:00:00+00:00
12055737,8,2011-01-18 00:00:00+00:00
66131871,8,2014-04-09 00:00:00+00:00
119003424,11,2016-07-29 00:00:00+00:00
200459291,15,2019-12-28 00:00:00+00:00
124357528,15,2016-10-17 00:00:00+00:00
101520749,8,2015-11-17 00:00:00+00:00
206787248,15,2020-04-11 00:00:00+00:00
53601501,15,2013-09-09 00:00:00+00:00
168741444,11,2018-08-06 00:00:00+00:00
77961701,15,2014-11-06 00:00:00+00:00
149076112,11,2017-10-13 00:00:00+00:00
168650590,15,2018-08-03 00:00:00+00:00
126099309,15,2016-11-11 00:00:00+00:00
200225152,15,2019-12-23 00:00:00+00:00
78669737,11,2014-11-19 00:00:00+00:00
23405755,15,2012-01-21 00:00:00+00:00
168024562,15,2018-07-25 00:00:00+00:00
239618620,8,2021-10-03 00:00:00+00:00
149621422,11,2017-10-21 00:00:00+00:00
200904454,11,2020-01-07 00:00:00+00:00
206217650,12,2020-04-02 00:00:00+00:00
130527518,11,2017-01-18 00:00:00+00:00
169069197,11,2018-08-10 00:00:00+00:00
150146448,9,2017-10-29 00:00:00+00:00
136468780,15,2017-04-11 00:00:00+00:00
240289055,11,2021-10-15 00:00:00+00:00
17494916,15,2011-07-24 00:00:00+00:00
84120834,15,2015-02-24 00:00:00+00:00
194252904,15,2019-09-16 00:00:00+00:00
169164533,9,2018-08-12 00:00:00+00:00
14875862,11,2011-05-09 00:00:00+00:00
212996534,15,2020-07-08 00:00:00+00:00
208536378,15,2020-05-06 00:00:00+00:00
118083338,11,2016-07-15 00:00:00+00:00
188607167,15,2019-06-13 00:00:00+00:00
77314872,11,2014-10-25 00:00:00+00:00
163818624,15,2018-05-21 00:00:00+00:00
239586902,9,2021-10-03 00:00:00+00:00
119870819,11,2016-08-11 00:00:00+00:00
176209035,15,2018-11-30 00:00:00+00:00
31327801,15,2012-08-01 00:00:00+00:00
131498359,9,2017-02-01 00:00:00+00:00
78077056,15,2014-11-08 00:00:00+00:00
199762879,15,2019-12-15 00:00:00+00:00
130847274,8,2017-01-23 00:00:00+00:00
24199596,11,2012-02-10 00:00:00+00:00
15494386,15,2011-05-30 00:00:00+00:00
201971464,11,2020-01-23 00:00:00+00:00
124032685,15,2016-10-12 00:00:00+00:00
202246533,11,2020-01-28 00:00:00+00:00
150936665,15,2017-11-09 00:00:00+00:00
183069587,15,2019-03-17 00:00:00+00:00
214284299,15,2020-07-28 00:00:00+00:00
59155563,15,2013-12-16 00:00:00+00:00
181118081,15,2019-02-17 00:00:00+00:00
70926919,15,2014-07-02 00:00:00+00:00
73816926,8,2014-08-22 00:00:00+00:00
106500788,15,2016-01-31 00:00:00+00:00
182346722,8,2019-03-06 00:00:00+00:00
50334736,9,2013-07-12 00:00:00+00:00
22475692,15,2011-12-25 00:00:00+00:00
45942414,11,2013-04-27 00:00:00+00:00
175738756,9,2018-11-23 00:00:00+00:00
51144777,15,2013-07-26 00:00:00+00:00
58890869,9,2013-12-12 00:00:00+00:00
129642762,8,2017-01-05 00:00:00+00:00
207292789,11,2020-04-18 00:00:00+00:00
29805263,9,2012-06-27 00:00:00+00:00
31823630,9,2012-08-12 00:00:00+00:00
182272465,12,2019-03-06 00:00:00+00:00
29617536,15,2012-06-22 00:00:00+00:00
23380471,15,2012-01-20 00:00:00+00:00
158347601,15,2018-03-03 00:00:00+00:00
72494945,12,2014-07-30 00:00:00+00:00
72134545,15,2014-07-23 00:00:00+00:00
63778997,11,2014-03-04 00:00:00+00:00
130718946,4,2017-01-21 00:00:00+00:00
32213538,15,2012-08-21 00:00:00+00:00
181789581,11,2019-02-27 00:00:00+00:00
234794650,11,2021-07-06 00:00:00+00:00
242107687,15,2021-11-17 00:00:00+00:00
150254651,15,2017-10-31 00:00:00+00:00
46019296,11,2013-04-29 00:00:00+00:00
246680846,8,2022-02-12 00:00:00+00:00
70506102,15,2014-06-25 00:00:00+00:00
12031250,15,2011-01-17 00:00:00+00:00
32065764,15,2012-08-17 00:00:00+00:00
200290942,8,2019-12-24 00:00:00+00:00
149889958,15,2017-10-25 00:00:00+00:00
38449259,11,2012-12-20 00:00:00+00:00
30366194,15,2012-07-10 00:00:00+00:00
23178394,15,2012-01-16 00:00:00+00:00
29888274,9,2012-06-29 00:00:00+00:00
228470713,15,2021-03-19 00:00:00+00:00
71887167,15,2014-07-19 00:00:00+00:00
129987232,15,2017-01-11 00:00:00+00:00
157865696,15,2018-02-24 00:00:00+00:00
91652257,15,2015-06-19 00:00:00+00:00
43389790,15,2013-03-18 00:00:00+00:00
119283461,9,2016-08-02 00:00:00+00:00
155874390,4,2018-01-26 00:00:00+00:00
207896807,15,2020-04-27 00:00:00+00:00
235371323,11,2021-07-16 00:00:00+00:00
156464970,15,2018-02-04 00:00:00+00:00
233393212,15,2021-06-11 00:00:00+00:00
125103405,9,2016-10-27 00:00:00+00:00
47173084,11,2013-05-19 00:00:00+00:00
14886146,15,2011-05-10 00:00:00+00:00
227468011,9,2021-03-03 00:00:00+00:00
235345220,8,2021-07-16 00:00:00+00:00
111504383,15,2016-04-10 00:00:00+00:00
73322964,11,2014-08-14 00:00:00+00:00
232239691,15,2021-05-22 00:00:00+00:00
161831186,15,2018-04-21 00:00:00+00:00
228862015,11,2021-03-26 00:00:00+00:00
30541498,15,2012-07-14 00:00:00+00:00
215160427,8,2020-08-11 00:00:00+00:00
157310236,15,2018-02-16 00:00:00+00:00
144046853,11,2017-08-01 00:00:00+00:00
38717212,8,2012-12-27 00:00:00+00:00
124588790,15,2016-10-20 00:00:00+00:00
201644869,15,2020-01-18 00:00:00+00:00
100049751,8,2015-10-25 00:00:00+00:00
227700516,12,2021-03-08 00:00:00+00:00
93690962,15,2015-07-21 00:00:00+00:00
37390291,15,2012-12-02 00:00:00+00:00
156671064,15,2018-02-07 00:00:00+00:00
174305456,15,2018-10-31 00:00:00+00:00
24368509,15,2012-02-15 00:00:00+00:00
252927800,11,2022-06-14 00:00:00+00:00
43569039,15,2013-03-20 00:00:00+00:00
189218014,15,2019-06-23 00:00:00+00:00
77578858,11,2014-10-30 00:00:00+00:00
22570571,15,2011-12-28 00:00:00+00:00
180566344,15,2019-02-08 00:00:00+00:00
143825777,11,2017-07-28 00:00:00+00:00
56867323,9,2013-11-06 00:00:00+00:00
226790908,15,2021-02-21 00:00:00+00:00
73845894,15,2014-08-23 00:00:00+00:00
201273321,15,2020-01-13 00:00:00+00:00
181002198,15,2019-02-15 00:00:00+00:00
162748049,11,2018-05-05 00:00:00+00:00
11670383,15,2010-12-29 00:00:00+00:00
51998363,12,2013-08-10 00:00:00+00:00
227578657,8,2021-03-05 00:00:00+00:00
170497718,11,2018-09-02 00:00:00+00:00
161343708,15,2018-04-14 00:00:00+00:00
245200489,15,2022-01-17 00:00:00+00:00
58019553,4,2013-11-26 00:00:00+00:00
252031464,9,2022-05-27 00:00:00+00:00
15182025,15,2011-05-19 00:00:00+00:00
30035858,8,2012-07-03 00:00:00+00:00
17453353,15,2011-07-22 00:00:00+00:00
77582725,11,2014-10-30 00:00:00+00:00
57968285,8,2013-11-26 00:00:00+00:00
175494274,15,2018-11-19 00:00:00+00:00
92914503,15,2015-07-09 00:00:00+00:00
24827584,9,2012-02-27 00:00:00+00:00
71874902,9,2014-07-19 00:00:00+00:00
10535355,9,2010-10-29 00:00:00+00:00
139150011,15,2017-05-21 00:00:00+00:00
123513419,9,2016-10-04 00:00:00+00:00
208146197,8,2020-04-30 00:00:00+00:00
52029679,8,2013-08-12 00:00:00+00:00
71917639,12,2014-07-20 00:00:00+00:00
187658869,15,2019-05-28 00:00:00+00:00
195160258,15,2019-10-01 00:00:00+00:00
53900815,11,2013-09-14 00:00:00+00:00
57432180,15,2013-11-16 00:00:00+00:00
139260615,9,2017-05-23 00:00:00+00:00
253320910,12,2022-06-22 00:00:00+00:00
29941854,11,2012-06-30 00:00:00+00:00
29487079,15,2012-06-20 00:00:00+00:00
240143340,8,2021-10-13 00:00:00+00:00
219942093,9,2020-10-29 00:00:00+00:00
29686576,15,2012-06-25 00:00:00+00:00
162158288,15,2018-04-26 00:00:00+00:00
70599056,11,2014-06-26 00:00:00+00:00
22655289,15,2012-01-01 00:00:00+00:00
143634245,11,2017-07-26 00:00:00+00:00
206051048,11,2020-03-31 00:00:00+00:00
129296592,15,2016-12-31 00:00:00+00:00
15290416,15,2011-05-23 00:00:00+00:00
227282071,11,2021-03-01 00:00:00+00:00
200414957,9,2019-12-27 00:00:00+00:00
138872758,9,2017-05-17 00:00:00+00:00
181550040,11,2019-02-23 00:00:00+00:00
57666538,11,2013-11-20 00:00:00+00:00
212716398,8,2020-07-05 00:00:00+00:00
97168578,11,2015-09-11 00:00:00+00:00
194161767,11,2019-09-13 00:00:00+00:00
168380903,8,2018-07-31 00:00:00+00:00
97232814,11,2015-09-12 00:00:00+00:00
168693763,15,2018-08-04 00:00:00+00:00
61161758,15,2014-01-22 00:00:00+00:00
83580211,9,2015-02-15 00:00:00+00:00
228144497,15,2021-03-15 00:00:00+00:00
97914770,9,2015-09-23 00:00:00+00:00
16899571,15,2011-07-04 00:00:00+00:00
248383585,11,2022-03-17 00:00:00+00:00
138088695,8,2017-05-05 00:00:00+00:00
144432333,15,2017-08-06 00:00:00+00:00
193991184,15,2019-09-11 00:00:00+00:00
92121763,15,2015-06-26 00:00:00+00:00
238902878,15,2021-09-20 00:00:00+00:00
168238290,11,2018-07-28 00:00:00+00:00
194119101,9,2019-09-12 00:00:00+00:00
136359879,15,2017-04-10 00:00:00+00:00
228381614,9,2021-03-18 00:00:00+00:00
150276655,8,2017-10-31 00:00:00+00:00
65934157,11,2014-04-07 00:00:00+00:00
253221990,15,2022-06-20 00:00:00+00:00
15229988,8,2011-05-20 00:00:00+00:00
91993881,15,2015-06-25 00:00:00+00:00
188667373,15,2019-06-13 00:00:00+00:00
44313307,15,2013-04-02 00:00:00+00:00
234412030,11,2021-06-29 00:00:00+00:00
245826849,15,2022-01-27 00:00:00+00:00
66299662,15,2014-04-12 00:00:00+00:00
51927906,11,2013-08-09 00:00:00+00:00
226741844,12,2021-02-20 00:00:00+00:00
144398767,15,2017-08-05 00:00:00+00:00
241390579,8,2021-11-04 00:00:00+00:00
193774862,15,2019-09-07 00:00:00+00:00
227454846,11,2021-03-03 00:00:00+00:00
37038130,11,2012-11-26 00:00:00+00:00
109970513,15,2016-03-18 00:00:00+00:00
256105793,15,2022-08-17 00:00:00+00:00
252601568,11,2022-06-08 00:00:00+00:00
31728218,15,2012-08-09 00:00:00+00:00
201479338,9,2020-01-16 00:00:00+00:00
39934077,8,2013-01-19 00:00:00+00:00
251457225,15,2022-05-17 00:00:00+00:00
110111969,15,2016-03-21 00:00:00+00:00
220508794,15,2020-11-08 00:00:00+00:00
226193227,15,2021-02-11 00:00:00+00:00
65449074,9,2014-03-30 00:00:00+00:00
205972640,15,2020-03-30 00:00:00+00:00
188946708,11,2019-06-18 00:00:00+00:00
162093140,15,2018-04-25 00:00:00+00:00
8123105,12,2010-06-15 00:00:00+00:00
130846182,8,2017-01-23 00:00:00+00:00
50238941,8,2013-07-10 00:00:00+00:00
8196741,11,2010-06-19 00:00:00+00:00
206089597,11,2020-04-01 00:00:00+00:00
15298124,15,2011-05-23 00:00:00+00:00
194878245,8,2019-09-25 00:00:00+00:00
240781307,12,2021-10-25 00:00:00+00:00
57103445,8,2013-11-11 00:00:00+00:00
45162493,15,2013-04-15 00:00:00+00:00
183310214,11,2019-03-20 00:00:00+00:00
71517885,15,2014-07-13 00:00:00+00:00
37336555,15,2012-11-30 00:00:00+00:00
47210075,11,2013-05-20 00:00:00+00:00
52097070,9,2013-08-13 00:00:00+00:00
143534650,9,2017-07-25 00:00:00+00:00
161782450,8,2018-04-20 00:00:00+00:00
22332910,15,2011-12-20 00:00:00+00:00
29666644,15,2012-06-24 00:00:00+00:00
175806137,9,2018-11-24 00:00:00+00:00
195495220,15,2019-10-07 00:00:00+00:00
15378473,15,2011-05-26 00:00:00+00:00
25007644,15,2012-03-02 00:00:00+00:00
78585345,9,2014-11-17 00:00:00+00:00
252017826,15,2022-05-27 00:00:00+00:00
130208213,9,2017-01-13 00:00:00+00:00
206889823,8,2020-04-13 00:00:00+00:00
221185387,12,2020-11-19 00:00:00+00:00
206359643,11,2020-04-05 00:00:00+00:00
23122474,15,2012-01-13 00:00:00+00:00
104390700,11,2015-12-31 00:00:00+00:00
226810978,15,2021-02-21 00:00:00+00:00
234686609,15,2021-07-04 00:00:00+00:00
66364147,11,2014-04-14 00:00:00+00:00
254299161,11,2022-07-12 00:00:00+00:00
248949499,11,2022-03-28 00:00:00+00:00
137481755,15,2017-04-26 00:00:00+00:00
23612239,15,2012-01-26 00:00:00+00:00
77754680,8,2014-11-03 00:00:00+00:00
176168269,8,2018-11-29 00:00:00+00:00
85206147,15,2015-03-14 00:00:00+00:00
187423368,15,2019-05-23 00:00:00+00:00
154892218,15,2018-01-11 00:00:00+00:00
24155411,15,2012-02-09 00:00:00+00:00
15687966,15,2011-06-06 00:00:00+00:00
187993972,8,2019-06-03 00:00:00+00:00
87058594,8,2015-04-14 00:00:00+00:00
239965484,15,2021-10-10 00:00:00+00:00
212750880,8,2020-07-05 00:00:00+00:00
46115908,11,2013-04-30 00:00:00+00:00
98353238,15,2015-09-29 00:00:00+00:00
168865120,11,2018-08-07 00:00:00+00:00
56880591,11,2013-11-07 00:00:00+00:00
86248742,9,2015-04-01 00:00:00+00:00
163261151,11,2018-05-13 00:00:00+00:00
163420898,11,2018-05-15 00:00:00+00:00
137827039,11,2017-05-02 00:00:00+00:00
63770932,15,2014-03-04 00:00:00+00:00
123246129,15,2016-09-30 00:00:00+00:00
193879148,15,2019-09-09 00:00:00+00:00
31215784,15,2012-07-29 00:00:00+00:00
188279350,8,2019-06-07 00:00:00+00:00
29638883,11,2012-06-23 00:00:00+00:00
232361919,11,2021-05-25 00:00:00+00:00
22829689,15,2012-01-06 00:00:00+00:00
2240198,11,2009-04-13 00:00:00+00:00
181295238,15,2019-02-20 00:00:00+00:00
78412251,8,2014-11-14 00:00:00+00:00
195630805,11,2019-10-09 00:00:00+00:00
91474871,15,2015-06-17 00:00:00+00:00
182255267,11,2019-03-05 00:00:00+00:00
193623140,11,2019-09-04 00:00:00+00:00
38922373,11,2013-01-01 00:00:00+00:00
57833391,11,2013-11-23 00:00:00+00:00
253990562,11,2022-07-06 00:00:00+00:00
187853239,11,2019-05-31 00:00:00+00:00
182632045,11,2019-03-11 00:00:00+00:00
228564170,15,2021-03-22 00:00:00+00:00
181355497,15,2019-02-20 00:00:00+00:00
71452296,8,2014-07-11 00:00:00+00:00
189152945,15,2019-06-21 00:00:00+00:00
77733032,15,2014-11-02 00:00:00+00:00
163741567,11,2018-05-20 00:00:00+00:00
155207981,11,2018-01-17 00:00:00+00:00
247175257,9,2022-02-21 00:00:00+00:00
200161045,15,2019-12-21 00:00:00+00:00
129452740,15,2017-01-03 00:00:00+00:00
16798617,15,2011-06-30 00:00:00+00:00
214639705,15,2020-08-03 00:00:00+00:00
163112235,11,2018-05-10 00:00:00+00:00
247601823,11,2022-03-01 00:00:00+00:00
64690344,15,2014-03-18 00:00:00+00:00
162733973,15,2018-05-04 00:00:00+00:00
214684527,11,2020-08-03 00:00:00+00:00
253220796,15,2022-06-20 00:00:00+00:00
162156616,15,2018-04-26 00:00:00+00:00
219660340,11,2020-10-24 00:00:00+00:00
254056754,11,2022-07-07 00:00:00+00:00
84791079,11,2015-03-07 00:00:00+00:00
57841111,11,2013-11-23 00:00:00+00:00
124525946,4,2016-10-19 00:00:00+00:00
24989782,15,2012-03-01 00:00:00+00:00
15300971,15,2011-05-24 00:00:00+00:00
164359845,15,2018-05-30 00:00:00+00:00
182161907,15,2019-03-04 00:00:00+00:00
117312977,15,2016-07-04 00:00:00+00:00
118823394,9,2016-07-26 00:00:00+00:00
174613602,11,2018-11-05 00:00:00+00:00
213641511,9,2020-07-17 00:00:00+00:00
105778254,15,2016-01-21 00:00:00+00:00
149808361,15,2017-10-24 00:00:00+00:00
3556724,11,2009-08-07 00:00:00+00:00
124041456,15,2016-10-12 00:00:00+00:00
15082789,11,2011-05-16 00:00:00+00:00
23667270,15,2012-01-28 00:00:00+00:00
181198731,11,2019-02-18 00:00:00+00:00
2856673,9,2009-06-09 00:00:00+00:00
106090370,15,2016-01-26 00:00:00+00:00
98603674,11,2015-10-03 00:00:00+00:00
249022828,9,2022-03-29 00:00:00+00:00
130386795,15,2017-01-17 00:00:00+00:00
44445370,15,2013-04-03 00:00:00+00:00
62850942,9,2014-02-18 00:00:00+00:00
235500429,11,2021-07-19 00:00:00+00:00
155980478,15,2018-01-28 00:00:00+00:00
15800861,15,2011-06-09 00:00:00+00:00
144256172,9,2017-08-03 00:00:00+00:00
43522242,9,2013-03-20 00:00:00+00:00
249908361,8,2022-04-15 00:00:00+00:00
72393401,15,2014-07-28 00:00:00+00:00
124829761,15,2016-10-24 00:00:00+00:00
24295544,15,2012-02-13 00:00:00+00:00
131882314,9,2017-02-07 00:00:00+00:00
92190147,15,2015-06-28 00:00:00+00:00
37269478,8,2012-11-29 00:00:00+00:00
239591729,15,2021-10-03 00:00:00+00:00
214337682,9,2020-07-28 00:00:00+00:00
111170650,9,2016-04-05 00:00:00+00:00
142149593,15,2017-07-05 00:00:00+00:00
99147287,8,2015-10-12 00:00:00+00:00
249796352,11,2022-04-13 00:00:00+00:00
149374302,8,2017-10-17 00:00:00+00:00
136549599,11,2017-04-12 00:00:00+00:00
3482803,11,2009-07-31 00:00:00+00:00
131071182,15,2017-01-26 00:00:00+00:00
93431895,11,2015-07-16 00:00:00+00:00
50500711,15,2013-07-15 00:00:00+00:00
239401693,12,2021-09-29 00:00:00+00:00
77320008,15,2014-10-26 00:00:00+00:00
176506266,11,2018-12-05 00:00:00+00:00
83586090,15,2015-02-15 00:00:00+00:00
180774864,15,2019-02-12 00:00:00+00:00
110224013,11,2016-03-22 00:00:00+00:00
43299617,9,2013-03-16 00:00:00+00:00
3589734,8,2009-08-10 00:00:00+00:00
129197211,15,2016-12-29 00:00:00+00:00
77172304,8,2014-10-23 00:00:00+00:00
90750911,15,2015-06-07 00:00:00+00:00
148543926,15,2017-10-05 00:00:00+00:00
116423665,15,2016-06-20 00:00:00+00:00
202147138,11,2020-01-27 00:00:00+00:00
181256816,8,2019-02-19 00:00:00+00:00
73625566,15,2014-08-20 00:00:00+00:00
104143891,15,2015-12-26 00:00:00+00:00
91036220,9,2015-06-11 00:00:00+00:00
157719353,15,2018-02-22 00:00:00+00:00
44082412,15,2013-03-28 00:00:00+00:00
180697922,9,2019-02-11 00:00:00+00:00
232553359,9,2021-05-27 00:00:00+00:00
181236157,9,2019-02-19 00:00:00+00:00
249317676,8,2022-04-04 00:00:00+00:00
78465610,11,2014-11-15 00:00:00+00:00
11585835,15,2010-12-23 00:00:00+00:00
61530181,9,2014-01-28 00:00:00+00:00
239662965,15,2021-10-04 00:00:00+00:00
93657316,15,2015-07-20 00:00:00+00:00
118143948,9,2016-07-16 00:00:00+00:00
137777852,8,2017-05-01 00:00:00+00:00
53414076,15,2013-09-05 00:00:00+00:00
109970250,15,2016-03-18 00:00:00+00:00
161299454,11,2018-04-13 00:00:00+00:00
180603985,15,2019-02-09 00:00:00+00:00
98868355,15,2015-10-07 00:00:00+00:00
104690055,11,2016-01-05 00:00:00+00:00
110724038,12,2016-03-30 00:00:00+00:00
44211893,15,2013-03-31 00:00:00+00:00
15015898,9,2011-05-13 00:00:00+00:00
156286779,12,2018-02-01 00:00:00+00:00
221315892,15,2020-11-21 00:00:00+00:00
119466052,15,2016-08-04 00:00:00+00:00
188087342,8,2019-06-04 00:00:00+00:00
72096542,15,2014-07-23 00:00:00+00:00
111589900,15,2016-04-11 00:00:00+00:00
226503754,11,2021-02-16 00:00:00+00:00
233683478,12,2021-06-16 00:00:00+00:00
206304885,15,2020-04-04 00:00:00+00:00
228831522,9,2021-03-25 00:00:00+00:00
169119949,15,2018-08-11 00:00:00+00:00
167665019,15,2018-07-19 00:00:00+00:00
44575330,15,2013-04-05 00:00:00+00:00
161496938,15,2018-04-17 00:00:00+00:00
228683833,15,2021-03-23 00:00:00+00:00
182128299,12,2019-03-04 00:00:00+00:00
79431530,15,2014-12-02 00:00:00+00:00
79188659,15,2014-11-28 00:00:00+00:00
214970771,15,2020-08-08 00:00:00+00:00
234628983,15,2021-07-03 00:00:00+00:00
138145754,11,2017-05-06 00:00:00+00:00
50490791,15,2013-07-15 00:00:00+00:00
7590976,11,2010-05-14 00:00:00+00:00
84069102,15,2015-02-23 00:00:00+00:00
61661138,8,2014-01-30 00:00:00+00:00
29761233,15,2012-06-26 00:00:00+00:00
25084732,11,2012-03-04 00:00:00+00:00
16089051,15,2011-06-18 00:00:00+00:00
90520896,15,2015-06-03 00:00:00+00:00
72527012,15,2014-07-30 00:00:00+00:00
23161954,8,2012-01-15 00:00:00+00:00
220921721,11,2020-11-15 00:00:00+00:00
124624707,9,2016-10-20 00:00:00+00:00
59282841,15,2013-12-18 00:00:00+00:00
30370195,15,2012-07-10 00:00:00+00:00
71569223,15,2014-07-14 00:00:00+00:00
91956358,11,2015-06-24 00:00:00+00:00
130669388,15,2017-01-20 00:00:00+00:00
51282769,15,2013-07-29 00:00:00+00:00
24234395,15,2012-02-12 00:00:00+00:00
138207958,15,2017-05-07 00:00:00+00:00
124352925,11,2016-10-17 00:00:00+00:00
124273494,9,2016-10-15 00:00:00+00:00
59681375,15,2013-12-26 00:00:00+00:00
52602985,12,2013-08-21 00:00:00+00:00
187705524,9,2019-05-29 00:00:00+00:00
180627068,15,2019-02-10 00:00:00+00:00
44150579,15,2013-03-29 00:00:00+00:00
36342430,15,2012-11-12 00:00:00+00:00
136312801,15,2017-04-09 00:00:00+00:00
123571633,11,2016-10-05 00:00:00+00:00
252263011,15,2022-06-01 00:00:00+00:00
52268003,8,2013-08-15 00:00:00+00:00
212660348,15,2020-07-03 00:00:00+00:00
167670776,15,2018-07-19 00:00:00+00:00
45325892,11,2013-04-17 00:00:00+00:00
234875548,9,2021-07-07 00:00:00+00:00
220313333,15,2020-11-04 00:00:00+00:00
31594371,15,2012-08-07 00:00:00+00:00
233943572,8,2021-06-21 00:00:00+00:00
143339099,15,2017-07-21 00:00:00+00:00
131204875,15,2017-01-27 00:00:00+00:00
30853450,15,2012-07-21 00:00:00+00:00
117040809,15,2016-06-29 00:00:00+00:00
44921890,15,2013-04-11 00:00:00+00:00
59184451,11,2013-12-17 00:00:00+00:00
206827939,11,2020-04-12 00:00:00+00:00
51904044,15,2013-08-08 00:00:00+00:00
50678667,15,2013-07-18 00:00:00+00:00
60519853,15,2014-01-12 00:00:00+00:00
8338836,11,2010-06-28 00:00:00+00:00
131069359,11,2017-01-26 00:00:00+00:00
37123459,15,2012-11-27 00:00:00+00:00
148764612,9,2017-10-09 00:00:00+00:00
103783967,15,2015-12-20 00:00:00+00:00
104158639,11,2015-12-27 00:00:00+00:00
227042925,15,2021-02-25 00:00:00+00:00
168231953,8,2018-07-28 00:00:00+00:00
96815203,15,2015-09-06 00:00:00+00:00
150027833,8,2017-10-27 00:00:00+00:00
18133430,11,2011-08-13 00:00:00+00:00
175414336,8,2018-11-18 00:00:00+00:00
29607734,15,2012-06-22 00:00:00+00:00
118109161,8,2016-07-15 00:00:00+00:00
167747652,9,2018-07-21 00:00:00+00:00
22870890,15,2012-01-07 00:00:00+00:00
45391008,15,2013-04-18 00:00:00+00:00
199713998,8,2019-12-13 00:00:00+00:00
200859919,8,2020-01-06 00:00:00+00:00
84720306,11,2015-03-05 00:00:00+00:00
219146470,11,2020-10-16 00:00:00+00:00
58636975,15,2013-12-07 00:00:00+00:00
164390239,15,2018-05-30 00:00:00+00:00
30338738,15,2012-07-10 00:00:00+00:00
52242500,9,2013-08-15 00:00:00+00:00
155685528,11,2018-01-24 00:00:00+00:00
78237801,15,2014-11-11 00:00:00+00:00
58242920,8,2013-12-01 00:00:00+00:00
238605828,15,2021-09-15 00:00:00+00:00
3942820,8,2009-09-08 00:00:00+00:00
50805342,8,2013-07-21 00:00:00+00:00
99816312,15,2015-10-21 00:00:00+00:00
129588514,15,2017-01-05 00:00:00+00:00
46464662,11,2013-05-07 00:00:00+00:00
241096178,12,2021-10-30 00:00:00+00:00
23926735,15,2012-02-03 00:00:00+00:00
142386054,8,2017-07-08 00:00:00+00:00
111362250,11,2016-04-08 00:00:00+00:00
59542927,15,2013-12-23 00:00:00+00:00
73476866,15,2014-08-17 00:00:00+00:00
29802688,8,2012-06-27 00:00:00+00:00
206718517,9,2020-04-10 00:00:00+00:00
98201615,11,2015-09-27 00:00:00+00:00
30164064,8,2012-07-05 00:00:00+00:00
63689757,8,2014-03-03 00:00:00+00:00
57962229,11,2013-11-26 00:00:00+00:00
72151849,15,2014-07-24 00:00:00+00:00
130491894,9,2017-01-18 00:00:00+00:00
109873413,15,2016-03-17 00:00:00+00:00
144563225,11,2017-08-08 00:00:00+00:00
72105355,15,2014-07-23 00:00:00+00:00
156824938,11,2018-02-09 00:00:00+00:00
200210822,15,2019-12-23 00:00:00+00:00
232138764,8,2021-05-20 00:00:00+00:00
45431102,11,2013-04-19 00:00:00+00:00
59029398,11,2013-12-14 00:00:00+00:00
90915183,15,2015-06-09 00:00:00+00:00
116289856,15,2016-06-17 00:00:00+00:00
233884091,11,2021-06-20 00:00:00+00:00
36715023,15,2012-11-19 00:00:00+00:00
226823223,15,2021-02-21 00:00:00+00:00
86971573,15,2015-04-13 00:00:00+00:00
17774490,15,2011-08-02 00:00:00+00:00
43668524,7,2013-03-21 00:00:00+00:00
91763410,11,2015-06-22 00:00:00+00:00
215449226,15,2020-08-16 00:00:00+00:00
254254190,15,2022-07-11 00:00:00+00:00
45203347,11,2013-04-16 00:00:00+00:00
106655704,15,2016-02-02 00:00:00+00:00
93594428,15,2015-07-19 00:00:00+00:00
155613113,11,2018-01-23 00:00:00+00:00
57430980,11,2013-11-16 00:00:00+00:00
103734556,15,2015-12-18 00:00:00+00:00
162764693,9,2018-05-05 00:00:00+00:00
221359749,15,2020-11-22 00:00:00+00:00
245350167,12,2022-01-19 00:00:00+00:00
67404085,15,2014-05-01 00:00:00+00:00
158382336,15,2018-03-03 00:00:00+00:00
52147861,15,2013-08-13 00:00:00+00:00
240027440,15,2021-10-11 00:00:00+00:00
129810831,15,2017-01-08 00:00:00+00:00
92148153,9,2015-06-27 00:00:00+00:00
65073629,9,2014-03-24 00:00:00+00:00
124194657,8,2016-10-14 00:00:00+00:00
237766180,11,2021-08-30 00:00:00+00:00
221202129,15,2020-11-19 00:00:00+00:00
45065646,8,2013-04-13 00:00:00+00:00
124344530,8,2016-10-17 00:00:00+00:00
83752135,11,2015-02-18 00:00:00+00:00
84179521,15,2015-02-25 00:00:00+00:00
196932398,12,2019-10-30 00:00:00+00:00
170147207,15,2018-08-28 00:00:00+00:00
123633628,8,2016-10-06 00:00:00+00:00
206771998,9,2020-04-11 00:00:00+00:00
131767384,15,2017-02-05 00:00:00+00:00
36688679,15,2012-11-19 00:00:00+00:00
112611689,12,2016-04-25 00:00:00+00:00
57956370,8,2013-11-26 00:00:00+00:00
199718997,15,2019-12-14 00:00:00+00:00
129666736,15,2017-01-06 00:00:00+00:00
186887962,8,2019-05-15 00:00:00+00:00
207669539,12,2020-04-24 00:00:00+00:00
106611801,8,2016-02-02 00:00:00+00:00
58521493,11,2013-12-05 00:00:00+00:00
83705626,15,2015-02-17 00:00:00+00:00
98057333,9,2015-09-24 00:00:00+00:00
232211612,15,2021-05-21 00:00:00+00:00
1360603,4,2009-01-14 00:00:00+00:00
91297678,11,2015-06-15 00:00:00+00:00
85016237,15,2015-03-11 00:00:00+00:00
73418424,8,2014-08-15 00:00:00+00:00
120067042,9,2016-08-14 00:00:00+00:00
40170736,11,2013-01-23 00:00:00+00:00
110316677,15,2016-03-23 00:00:00+00:00
193371393,15,2019-08-31 00:00:00+00:00
143206055,9,2017-07-20 00:00:00+00:00
175741111,11,2018-11-23 00:00:00+00:00
253096837,15,2022-06-17 00:00:00+00:00
24543184,8,2012-02-20 00:00:00+00:00
110026847,8,2016-03-19 00:00:00+00:00
92345794,15,2015-06-30 00:00:00+00:00
181145534,15,2019-02-18 00:00:00+00:00
129592317,15,2017-01-05 00:00:00+00:00
200457678,12,2019-12-28 00:00:00+00:00
9027713,11,2010-08-06 00:00:00+00:00
168380785,15,2018-07-31 00:00:00+00:00
15838748,11,2011-06-10 00:00:00+00:00
180704521,11,2019-02-11 00:00:00+00:00
130786997,11,2017-01-22 00:00:00+00:00
144404925,8,2017-08-05 00:00:00+00:00
235064737,15,2021-07-11 00:00:00+00:00
111980849,11,2016-04-16 00:00:00+00:00
148599093,15,2017-10-06 00:00:00+00:00
135968105,15,2017-04-04 00:00:00+00:00
77759465,11,2014-11-03 00:00:00+00:00
199925344,11,2019-12-17 00:00:00+00:00
43885333,11,2013-03-25 00:00:00+00:00
112142674,9,2016-04-19 00:00:00+00:00
163730498,8,2018-05-20 00:00:00+00:00
162155945,11,2018-04-26 00:00:00+00:00
239627924,11,2021-10-04 00:00:00+00:00
130832803,8,2017-01-23 00:00:00+00:00
213054088,8,2020-07-09 00:00:00+00:00
220760467,11,2020-11-12 00:00:00+00:00
220473263,15,2020-11-07 00:00:00+00:00
130309291,9,2017-01-16 00:00:00+00:00
130339482,12,2017-01-16 00:00:00+00:00
58430924,15,2013-12-04 00:00:00+00:00
142956520,8,2017-07-17 00:00:00+00:00
97583542,15,2015-09-17 00:00:00+00:00
252901752,15,2022-06-14 00:00:00+00:00
37683014,9,2012-12-06 00:00:00+00:00
44027271,11,2013-03-27 00:00:00+00:00
18368222,15,2011-08-21 00:00:00+00:00
50875046,11,2013-07-22 00:00:00+00:00
15626363,15,2011-06-03 00:00:00+00:00
31623761,15,2012-08-07 00:00:00+00:00
51282620,15,2013-07-29 00:00:00+00:00
131827214,15,2017-02-06 00:00:00+00:00
168478847,11,2018-08-01 00:00:00+00:00
90360929,11,2015-06-01 00:00:00+00:00
60963270,11,2014-01-19 00:00:00+00:00
137754786,11,2017-05-01 00:00:00+00:00
254389255,11,2022-07-13 00:00:00+00:00
15618571,15,2011-06-03 00:00:00+00:00
45290751,8,2013-04-17 00:00:00+00:00
64180715,15,2014-03-10 00:00:00+00:00
137739459,11,2017-04-30 00:00:00+00:00
213039931,12,2020-07-09 00:00:00+00:00
149902448,15,2017-10-25 00:00:00+00:00
164530976,15,2018-06-01 00:00:00+00:00
111021907,11,2016-04-04 00:00:00+00:00
85791137,15,2015-03-24 00:00:00+00:00
30871266,15,2012-07-21 00:00:00+00:00
180797310,9,2019-02-12 00:00:00+00:00
105190867,15,2016-01-13 00:00:00+00:00
200808036,11,2020-01-05 00:00:00+00:00
144632336,11,2017-08-09 00:00:00+00:00
39076980,11,2013-01-04 00:00:00+00:00
123375529,15,2016-10-02 00:00:00+00:00
103631834,15,2015-12-17 00:00:00+00:00
247161412,15,2022-02-21 00:00:00+00:00
188375427,15,2019-06-09 00:00:00+00:00
144480138,15,2017-08-07 00:00:00+00:00
24587524,15,2012-02-21 00:00:00+00:00
70303399,15,2014-06-20 00:00:00+00:00
194576493,11,2019-09-20 00:00:00+00:00
24456866,15,2012-02-17 00:00:00+00:00
92060364,8,2015-06-26 00:00:00+00:00
155726972,4,2018-01-24 00:00:00+00:00
72963909,11,2014-08-07 00:00:00+00:00
24228631,11,2012-02-12 00:00:00+00:00
44263085,15,2013-04-01 00:00:00+00:00
73463282,15,2014-08-17 00:00:00+00:00
175732900,15,2018-11-23 00:00:00+00:00
92168291,15,2015-06-28 00:00:00+00:00
142495972,11,2017-07-10 00:00:00+00:00
76958877,8,2014-10-19 00:00:00+00:00
24719539,15,2012-02-24 00:00:00+00:00
252295242,15,2022-06-02 00:00:00+00:00
129375997,15,2017-01-02 00:00:00+00:00
169177288,11,2018-08-12 00:00:00+00:00
159603024,8,2018-03-21 00:00:00+00:00
72750139,15,2014-08-04 00:00:00+00:00
79343727,15,2014-12-01 00:00:00+00:00
181188604,15,2019-02-18 00:00:00+00:00
22682547,8,2012-01-02 00:00:00+00:00
103813104,15,2015-12-20 00:00:00+00:00
180971172,15,2019-02-14 00:00:00+00:00
11879361,8,2011-01-10 00:00:00+00:00
16970145,9,2011-07-06 00:00:00+00:00
106004007,15,2016-01-24 00:00:00+00:00
122632911,15,2016-09-21 00:00:00+00:00
118910334,15,2016-07-27 00:00:00+00:00
59424504,15,2013-12-20 00:00:00+00:00
57635878,9,2013-11-20 00:00:00+00:00
110246400,15,2016-03-23 00:00:00+00:00
227123293,15,2021-02-26 00:00:00+00:00
170064972,8,2018-08-26 00:00:00+00:00
73430855,15,2014-08-15 00:00:00+00:00
85260418,15,2015-03-15 00:00:00+00:00
73845038,8,2014-08-23 00:00:00+00:00
90992710,11,2015-06-10 00:00:00+00:00
206472287,15,2020-04-06 00:00:00+00:00
38263428,15,2012-12-18 00:00:00+00:00
23160305,12,2012-01-15 00:00:00+00:00
90660997,15,2015-06-05 00:00:00+00:00
77685829,11,2014-11-01 00:00:00+00:00
187937427,15,2019-06-01 00:00:00+00:00
87176810,15,2015-04-16 00:00:00+00:00
22729184,15,2012-01-03 00:00:00+00:00
45308473,8,2013-04-17 00:00:00+00:00
176458904,8,2018-12-04 00:00:00+00:00
24336643,15,2012-02-14 00:00:00+00:00
135527633,11,2017-03-29 00:00:00+00:00
23717659,11,2012-01-30 00:00:00+00:00
91571779,15,2015-06-18 00:00:00+00:00
104707779,15,2016-01-06 00:00:00+00:00
51243029,11,2013-07-29 00:00:00+00:00
245466358,12,2022-01-21 00:00:00+00:00
130784208,11,2017-01-22 00:00:00+00:00
193377239,15,2019-08-31 00:00:00+00:00
93746480,15,2015-07-21 00:00:00+00:00
202070621,11,2020-01-25 00:00:00+00:00
86774685,11,2015-04-09 00:00:00+00:00
73073524,9,2014-08-09 00:00:00+00:00
187356159,15,2019-05-23 00:00:00+00:00
175047425,8,2018-11-12 00:00:00+00:00
72559882,15,2014-07-31 00:00:00+00:00
187756629,11,2019-05-29 00:00:00+00:00
123195560,9,2016-09-29 00:00:00+00:00
148326137,9,2017-10-02 00:00:00+00:00
91202911,9,2015-06-13 00:00:00+00:00
158145688,11,2018-02-28 00:00:00+00:00
249300457,11,2022-04-04 00:00:00+00:00
3894004,11,2009-09-03 00:00:00+00:00
234473637,9,2021-06-30 00:00:00+00:00
100134514,8,2015-10-27 00:00:00+00:00
247488419,11,2022-02-27 00:00:00+00:00
248176179,15,2022-03-13 00:00:00+00:00
131649955,15,2017-02-03 00:00:00+00:00
92188443,15,2015-06-28 00:00:00+00:00
17137281,15,2011-07-12 00:00:00+00:00
45926283,15,2013-04-27 00:00:00+00:00
63690091,15,2014-03-03 00:00:00+00:00
50404751,15,2013-07-13 00:00:00+00:00
240889540,11,2021-10-26 00:00:00+00:00
214254845,15,2020-07-27 00:00:00+00:00
111328290,15,2016-04-07 00:00:00+00:00
46722998,15,2013-05-11 00:00:00+00:00
79014218,15,2014-11-25 00:00:00+00:00
71054155,15,2014-07-04 00:00:00+00:00
167893200,15,2018-07-24 00:00:00+00:00
213881291,15,2020-07-21 00:00:00+00:00
249927288,15,2022-04-16 00:00:00+00:00
65099313,11,2014-03-24 00:00:00+00:00
37898459,15,2012-12-11 00:00:00+00:00
174337915,15,2018-11-01 00:00:00+00:00
31033177,15,2012-07-25 00:00:00+00:00
220973965,15,2020-11-16 00:00:00+00:00
39300164,9,2013-01-08 00:00:00+00:00
252027942,12,2022-05-27 00:00:00+00:00
52290149,15,2013-08-15 00:00:00+00:00
213891225,15,2020-07-22 00:00:00+00:00
94054879,11,2015-07-26 00:00:00+00:00
50254288,15,2013-07-11 00:00:00+00:00
24928850,9,2012-02-29 00:00:00+00:00
168880234,15,2018-08-07 00:00:00+00:00
11386289,9,2010-12-13 00:00:00+00:00
234172775,15,2021-06-24 00:00:00+00:00
130065233,8,2017-01-12 00:00:00+00:00
253136035,15,2022-06-18 00:00:00+00:00
249074874,8,2022-03-30 00:00:00+00:00
247583901,12,2022-03-01 00:00:00+00:00
103425652,9,2015-12-15 00:00:00+00:00
85259196,15,2015-03-15 00:00:00+00:00
162795810,15,2018-05-06 00:00:00+00:00
137191776,15,2017-04-22 00:00:00+00:00
213674844,11,2020-07-18 00:00:00+00:00
84084557,15,2015-02-24 00:00:00+00:00
137349212,15,2017-04-25 00:00:00+00:00
149333243,15,2017-10-17 00:00:00+00:00
98929228,12,2015-10-08 00:00:00+00:00
214180408,11,2020-07-26 00:00:00+00:00
86523972,8,2015-04-06 00:00:00+00:00
148715032,15,2017-10-08 00:00:00+00:00
187345780,15,2019-05-22 00:00:00+00:00
156914470,15,2018-02-10 00:00:00+00:00
116784392,15,2016-06-25 00:00:00+00:00
135954967,11,2017-04-04 00:00:00+00:00
187646434,15,2019-05-28 00:00:00+00:00
246643628,8,2022-02-11 00:00:00+00:00
116347679,15,2016-06-19 00:00:00+00:00
240761386,9,2021-10-24 00:00:00+00:00
66033239,15,2014-04-08 00:00:00+00:00
246073936,9,2022-02-01 00:00:00+00:00
112610931,15,2016-04-25 00:00:00+00:00
183255678,15,2019-03-20 00:00:00+00:00
220167348,15,2020-11-02 00:00:00+00:00
10569687,8,2010-11-01 00:00:00+00:00
22708140,15,2012-01-03 00:00:00+00:00
155060209,15,2018-01-15 00:00:00+00:00
168257089,9,2018-07-29 00:00:00+00:00
240872737,15,2021-10-26 00:00:00+00:00
200022802,15,2019-12-19 00:00:00+00:00
164500046,11,2018-05-31 00:00:00+00:00
90237055,11,2015-05-30 00:00:00+00:00
16693824,15,2011-06-27 00:00:00+00:00
136580970,15,2017-04-13 00:00:00+00:00
93546303,15,2015-07-18 00:00:00+00:00
130894283,15,2017-01-24 00:00:00+00:00
226032475,11,2021-02-09 00:00:00+00:00
232916336,8,2021-06-03 00:00:00+00:00
245725361,11,2022-01-26 00:00:00+00:00
163153931,11,2018-05-11 00:00:00+00:00
235775044,12,2021-07-24 00:00:00+00:00
253102919,8,2022-06-17 00:00:00+00:00
163417399,11,2018-05-15 00:00:00+00:00
8298570,11,2010-06-25 00:00:00+00:00
190352566,15,2019-07-11 00:00:00+00:00
18218096,15,2011-08-16 00:00:00+00:00
201446159,11,2020-01-15 00:00:00+00:00
3855969,9,2009-08-31 00:00:00+00:00
194246070,9,2019-09-15 00:00:00+00:00
235755908,11,2021-07-24 00:00:00+00:00
129911185,9,2017-01-10 00:00:00+00:00
78359660,15,2014-11-13 00:00:00+00:00
16019898,11,2011-06-16 00:00:00+00:00
103864983,15,2015-12-21 00:00:00+00:00
164154013,9,2018-05-26 00:00:00+00:00
3596907,9,2009-08-11 00:00:00+00:00
194722521,9,2019-09-23 00:00:00+00:00
111464876,9,2016-04-09 00:00:00+00:00
137148899,15,2017-04-21 00:00:00+00:00
233077582,15,2021-06-06 00:00:00+00:00
149360747,8,2017-10-17 00:00:00+00:00
72141784,15,2014-07-24 00:00:00+00:00
195167449,9,2019-10-01 00:00:00+00:00
61549287,15,2014-01-28 00:00:00+00:00
112499738,8,2016-04-24 00:00:00+00:00
247769478,8,2022-03-04 00:00:00+00:00
188755308,9,2019-06-15 00:00:00+00:00
91331818,15,2015-06-15 00:00:00+00:00
207226645,9,2020-04-17 00:00:00+00:00
130560744,11,2017-01-19 00:00:00+00:00
50488683,15,2013-07-15 00:00:00+00:00
24620840,11,2012-02-22 00:00:00+00:00
253055169,11,2022-06-16 00:00:00+00:00
155648492,11,2018-01-23 00:00:00+00:00
61332166,15,2014-01-24 00:00:00+00:00
214133554,15,2020-07-25 00:00:00+00:00
93575943,15,2015-07-19 00:00:00+00:00
132122489,12,2017-02-09 00:00:00+00:00
18175521,15,2011-08-15 00:00:00+00:00
64555805,11,2014-03-15 00:00:00+00:00
117332436,4,2016-07-04 00:00:00+00:00
142763781,15,2017-07-13 00:00:00+00:00
70858316,11,2014-07-01 00:00:00+00:00
51916958,15,2013-08-09 00:00:00+00:00
110456861,11,2016-03-25 00:00:00+00:00
252961657,11,2022-06-15 00:00:00+00:00
63826050,15,2014-03-04 00:00:00+00:00
84269672,15,2015-02-26 00:00:00+00:00
72131324,15,2014-07-23 00:00:00+00:00
22563326,15,2011-12-28 00:00:00+00:00
91929715,11,2015-06-24 00:00:00+00:00
181586195,11,2019-02-24 00:00:00+00:00
187136980,15,2019-05-20 00:00:00+00:00
195818286,11,2019-10-11 00:00:00+00:00
29792523,15,2012-06-27 00:00:00+00:00
235030903,15,2021-07-10 00:00:00+00:00
156889154,15,2018-02-09 00:00:00+00:00
233478894,15,2021-06-13 00:00:00+00:00
38210778,15,2012-12-17 00:00:00+00:00
22918934,15,2012-01-09 00:00:00+00:00
29593549,15,2012-06-22 00:00:00+00:00
3012604,8,2009-06-23 00:00:00+00:00
16105697,15,2011-06-19 00:00:00+00:00
98579413,15,2015-10-02 00:00:00+00:00
65464842,15,2014-03-30 00:00:00+00:00
58791928,9,2013-12-10 00:00:00+00:00
86954708,15,2015-04-13 00:00:00+00:00
182013697,15,2019-03-01 00:00:00+00:00
70386970,9,2014-06-23 00:00:00+00:00
58643824,15,2013-12-07 00:00:00+00:00
78816409,15,2014-11-21 00:00:00+00:00
30134331,15,2012-07-05 00:00:00+00:00
71524138,11,2014-07-13 00:00:00+00:00
111148697,15,2016-04-05 00:00:00+00:00
252826652,15,2022-06-13 00:00:00+00:00
29852248,9,2012-06-28 00:00:00+00:00
111996149,15,2016-04-17 00:00:00+00:00
232496468,11,2021-05-26 00:00:00+00:00
122763665,4,2016-09-23 00:00:00+00:00
105909383,15,2016-01-22 00:00:00+00:00
104153300,9,2015-12-27 00:00:00+00:00
15150267,15,2011-05-18 00:00:00+00:00
24478517,11,2012-02-17 00:00:00+00:00
29712648,15,2012-06-25 00:00:00+00:00
43791163,15,2013-03-24 00:00:00+00:00
253789409,11,2022-07-01 00:00:00+00:00
110802245,8,2016-03-31 00:00:00+00:00
64333114,15,2014-03-12 00:00:00+00:00
58509683,15,2013-12-05 00:00:00+00:00
187618223,15,2019-05-27 00:00:00+00:00
161496550,15,2018-04-17 00:00:00+00:00
36716805,15,2012-11-19 00:00:00+00:00
200327612,15,2019-12-25 00:00:00+00:00
2735328,4,2009-05-29 00:00:00+00:00
11848704,15,2011-01-08 00:00:00+00:00
163218198,15,2018-05-12 00:00:00+00:00
161341152,11,2018-04-14 00:00:00+00:00
125607253,12,2016-11-04 00:00:00+00:00
194637798,9,2019-09-22 00:00:00+00:00
148902878,15,2017-10-10 00:00:00+00:00
92049818,11,2015-06-25 00:00:00+00:00
72277843,15,2014-07-26 00:00:00+00:00
85746804,15,2015-03-23 00:00:00+00:00
212808230,9,2020-07-06 00:00:00+00:00
50737345,15,2013-07-19 00:00:00+00:00
8495969,8,2010-07-07 00:00:00+00:00
181659222,15,2019-02-25 00:00:00+00:00
50640566,15,2013-07-18 00:00:00+00:00
254488107,9,2022-07-15 00:00:00+00:00
125765605,11,2016-11-07 00:00:00+00:00
37316084,15,2012-11-30 00:00:00+00:00
71996670,15,2014-07-21 00:00:00+00:00
182521925,15,2019-03-09 00:00:00+00:00
170028019,11,2018-08-25 00:00:00+00:00
73296576,15,2014-08-13 00:00:00+00:00
17119793,15,2011-07-12 00:00:00+00:00
220900468,11,2020-11-14 00:00:00+00:00
60694938,9,2014-01-15 00:00:00+00:00
239744304,15,2021-10-06 00:00:00+00:00
253680006,15,2022-06-29 00:00:00+00:00
138346841,15,2017-05-09 00:00:00+00:00
