id,name,registration_timestrmpz,last_access_timestrmpz
911190,Pierre,2011-08-25 04:52:23.627000+00:00,2015-03-11 10:24:32.193000+00:00
9440512,Smoak,2018-03-04 05:17:03.540000+00:00,2022-09-16 18:29:30.793000+00:00
4095873,sharad shrestha,2014-09-30 16:35:16.790000+00:00,2022-09-23 16:55:39.040000+00:00
195504,Ankit Sachan,2009-10-23 17:54:23.197000+00:00,2022-09-21 16:32:55.333000+00:00
7017670,Rafael,2016-10-14 06:52:41.870000+00:00,2020-03-19 21:02:35.693000+00:00
8924087,Adrian Guerra,2017-11-11 12:39:45.263000+00:00,2022-04-26 13:54:14.927000+00:00
4034190,Iamsomeone,2014-09-12 09:17:27.823000+00:00,2017-03-16 15:33:51.507000+00:00
8056895,Binoj123,2017-05-24 02:52:07.347000+00:00,2022-08-16 13:25:36.117000+00:00
3551261,user3551261,2014-04-19 08:42:23.577000+00:00,2017-11-17 04:50:00.623000+00:00
2834535,JatinBhattPhp,2013-10-01 10:58:56.607000+00:00,2022-09-23 12:35:09.527000+00:00
