id,user_voter_id,vote_type_id,creation_timestrmpz
200902212,9440512,5,2020-01-07 00:00:00+00:00
129212579,8056895,3,2016-12-29 00:00:00+00:00
137334282,4034190,2,2017-04-24 00:00:00+00:00
8984880,195504,2,2010-08-04 00:00:00+00:00
111009347,4034190,1,2016-04-03 00:00:00+00:00
99245234,195504,2,2015-10-13 00:00:00+00:00
123321054,3551261,5,2016-10-01 00:00:00+00:00
175902244,4095873,4,2018-11-26 00:00:00+00:00
143057594,9440512,4,2017-07-18 00:00:00+00:00
137951838,4034190,1,2017-05-03 00:00:00+00:00
137202876,911190,1,2017-04-22 00:00:00+00:00
52317419,4095873,2,2013-08-16 00:00:00+00:00
131481540,3551261,3,2017-02-01 00:00:00+00:00
97220763,4034190,5,2015-09-12 00:00:00+00:00
78806431,3551261,2,2014-11-21 00:00:00+00:00
36562746,911190,5,2012-11-16 00:00:00+00:00
138061580,8924087,4,2017-05-05 00:00:00+00:00
24290303,4034190,5,2012-02-13 00:00:00+00:00
3383376,8924087,3,2009-07-23 00:00:00+00:00
30530444,4034190,2,2012-07-13 00:00:00+00:00
246589712,3551261,2,2022-02-10 00:00:00+00:00
10591754,3551261,3,2010-11-02 00:00:00+00:00
72116364,8056895,2,2014-07-23 00:00:00+00:00
1548332,9440512,5,2009-02-03 00:00:00+00:00
150982663,3551261,4,2017-11-10 00:00:00+00:00
77574284,4095873,4,2014-10-30 00:00:00+00:00
44227611,8924087,1,2013-03-31 00:00:00+00:00
63657067,4095873,4,2014-03-02 00:00:00+00:00
195855938,4034190,1,2019-10-12 00:00:00+00:00
15152297,911190,2,2011-05-18 00:00:00+00:00
77638853,8924087,4,2014-10-31 00:00:00+00:00
16721654,8056895,5,2011-06-28 00:00:00+00:00
175163043,7017670,5,2018-11-14 00:00:00+00:00
31593533,911190,4,2012-08-07 00:00:00+00:00
195238394,8056895,4,2019-10-02 00:00:00+00:00
201023359,7017670,4,2020-01-08 00:00:00+00:00
60827451,2834535,5,2014-01-16 00:00:00+00:00
187448050,4034190,4,2019-05-24 00:00:00+00:00
51706249,8056895,3,2013-08-06 00:00:00+00:00
92857126,9440512,4,2015-07-08 00:00:00+00:00
78685828,7017670,4,2014-11-19 00:00:00+00:00
103974503,8056895,1,2015-12-23 00:00:00+00:00
15841350,9440512,2,2011-06-10 00:00:00+00:00
239366108,8924087,3,2021-09-28 00:00:00+00:00
111014381,3551261,1,2016-04-03 00:00:00+00:00
104404509,911190,2,2015-12-31 00:00:00+00:00
23966913,8056895,5,2012-02-05 00:00:00+00:00
23431656,4034190,2,2012-01-22 00:00:00+00:00
234451985,9440512,2,2021-06-30 00:00:00+00:00
227960061,2834535,1,2021-03-11 00:00:00+00:00
91929071,8056895,5,2015-06-24 00:00:00+00:00
201909463,3551261,1,2020-01-23 00:00:00+00:00
53263180,4034190,4,2013-09-03 00:00:00+00:00
116314384,7017670,4,2016-06-18 00:00:00+00:00
247831449,8056895,2,2022-03-06 00:00:00+00:00
131269464,9440512,1,2017-01-29 00:00:00+00:00
110372354,7017670,5,2016-03-24 00:00:00+00:00
104707278,195504,4,2016-01-06 00:00:00+00:00
29947198,4034190,4,2012-06-30 00:00:00+00:00
37076769,4095873,1,2012-11-26 00:00:00+00:00
251955987,8924087,2,2022-05-26 00:00:00+00:00
30451651,7017670,2,2012-07-12 00:00:00+00:00
247129127,9440512,5,2022-02-20 00:00:00+00:00
13349985,4034190,3,2011-03-12 00:00:00+00:00
206691946,4034190,1,2020-04-09 00:00:00+00:00
38139368,7017670,4,2012-12-15 00:00:00+00:00
247258853,9440512,5,2022-02-23 00:00:00+00:00
155253649,2834535,2,2018-01-17 00:00:00+00:00
149204911,195504,1,2017-10-15 00:00:00+00:00
23756064,195504,5,2012-01-31 00:00:00+00:00
249374497,911190,5,2022-04-05 00:00:00+00:00
169481608,195504,2,2018-08-16 00:00:00+00:00
200155687,4095873,1,2019-12-21 00:00:00+00:00
202377411,911190,5,2020-01-30 00:00:00+00:00
86348191,3551261,4,2015-04-02 00:00:00+00:00
183055172,4095873,4,2019-03-17 00:00:00+00:00
241412140,7017670,3,2021-11-05 00:00:00+00:00
157296553,911190,3,2018-02-15 00:00:00+00:00
63622714,911190,5,2014-03-01 00:00:00+00:00
234291122,8924087,5,2021-06-27 00:00:00+00:00
12338612,4095873,5,2011-01-30 00:00:00+00:00
150715129,911190,2,2017-11-07 00:00:00+00:00
182122863,8056895,2,2019-03-04 00:00:00+00:00
24560520,9440512,3,2012-02-20 00:00:00+00:00
112534978,2834535,5,2016-04-24 00:00:00+00:00
245131025,4034190,1,2022-01-15 00:00:00+00:00
110013214,911190,4,2016-03-19 00:00:00+00:00
164035783,3551261,5,2018-05-24 00:00:00+00:00
252883903,8924087,5,2022-06-14 00:00:00+00:00
201122652,2834535,4,2020-01-10 00:00:00+00:00
118004941,8056895,5,2016-07-14 00:00:00+00:00
11265856,195504,5,2010-12-07 00:00:00+00:00
240897516,8056895,1,2021-10-27 00:00:00+00:00
174794955,911190,1,2018-11-08 00:00:00+00:00
161927422,3551261,1,2018-04-23 00:00:00+00:00
129905359,2834535,2,2017-01-10 00:00:00+00:00
24062531,4034190,1,2012-02-07 00:00:00+00:00
221781191,911190,3,2020-11-29 00:00:00+00:00
156126036,8056895,1,2018-01-30 00:00:00+00:00
86643269,4034190,5,2015-04-08 00:00:00+00:00
64594209,2834535,4,2014-03-16 00:00:00+00:00
30623512,195504,4,2012-07-16 00:00:00+00:00
207977707,3551261,2,2020-04-28 00:00:00+00:00
100584366,4095873,3,2015-11-02 00:00:00+00:00
45488879,8056895,1,2013-04-20 00:00:00+00:00
70528128,8924087,4,2014-06-25 00:00:00+00:00
11314532,4095873,3,2010-12-09 00:00:00+00:00
253429848,911190,2,2022-06-24 00:00:00+00:00
163602428,4095873,5,2018-05-18 00:00:00+00:00
149199586,195504,1,2017-10-15 00:00:00+00:00
77757530,195504,3,2014-11-03 00:00:00+00:00
30464064,195504,5,2012-07-12 00:00:00+00:00
201051637,195504,1,2020-01-09 00:00:00+00:00
7951942,8924087,3,2010-06-04 00:00:00+00:00
238648583,4034190,1,2021-09-15 00:00:00+00:00
23276057,4095873,4,2012-01-18 00:00:00+00:00
183074568,4095873,1,2019-03-17 00:00:00+00:00
23105150,9440512,1,2012-01-13 00:00:00+00:00
240715597,7017670,2,2021-10-23 00:00:00+00:00
220527824,8056895,1,2020-11-08 00:00:00+00:00
136538039,7017670,3,2017-04-12 00:00:00+00:00
200513806,9440512,3,2019-12-30 00:00:00+00:00
247889685,9440512,4,2022-03-07 00:00:00+00:00
65465700,911190,5,2014-03-30 00:00:00+00:00
149160103,911190,3,2017-10-14 00:00:00+00:00
104889030,8924087,3,2016-01-08 00:00:00+00:00
3503923,3551261,3,2009-08-03 00:00:00+00:00
11599827,8924087,2,2010-12-24 00:00:00+00:00
247702057,4034190,2,2022-03-03 00:00:00+00:00
142024863,3551261,1,2017-07-03 00:00:00+00:00
84134995,8056895,3,2015-02-24 00:00:00+00:00
201755931,911190,5,2020-01-21 00:00:00+00:00
87054580,9440512,2,2015-04-14 00:00:00+00:00
10217308,4034190,4,2010-10-13 00:00:00+00:00
201128775,4095873,1,2020-01-10 00:00:00+00:00
64972588,8056895,3,2014-03-22 00:00:00+00:00
225875110,8056895,3,2021-02-06 00:00:00+00:00
164109988,911190,3,2018-05-25 00:00:00+00:00
30052775,4095873,5,2012-07-03 00:00:00+00:00
73055801,3551261,3,2014-08-09 00:00:00+00:00
16687014,8056895,1,2011-06-27 00:00:00+00:00
18230922,8056895,1,2011-08-17 00:00:00+00:00
104423477,3551261,1,2015-12-31 00:00:00+00:00
23598822,911190,1,2012-01-26 00:00:00+00:00
239051104,911190,1,2021-09-23 00:00:00+00:00
84708494,8056895,4,2015-03-05 00:00:00+00:00
241103629,3551261,2,2021-10-30 00:00:00+00:00
136208865,195504,2,2017-04-07 00:00:00+00:00
238824349,8056895,5,2021-09-19 00:00:00+00:00
228289867,4034190,5,2021-03-17 00:00:00+00:00
113531094,911190,4,2016-05-09 00:00:00+00:00
129235157,4095873,3,2016-12-29 00:00:00+00:00
227957603,195504,1,2021-03-11 00:00:00+00:00
168597714,4034190,3,2018-08-03 00:00:00+00:00
228722961,911190,1,2021-03-24 00:00:00+00:00
180993004,2834535,2,2019-02-15 00:00:00+00:00
201023210,3551261,2,2020-01-08 00:00:00+00:00
189547287,195504,3,2019-06-28 00:00:00+00:00
57108739,4095873,5,2013-11-11 00:00:00+00:00
78396264,2834535,5,2014-11-13 00:00:00+00:00
227209814,4095873,2,2021-02-27 00:00:00+00:00
149307601,8056895,4,2017-10-17 00:00:00+00:00
46085522,911190,2,2013-04-30 00:00:00+00:00
181186134,7017670,5,2019-02-18 00:00:00+00:00
175599226,9440512,3,2018-11-21 00:00:00+00:00
138176743,4095873,2,2017-05-07 00:00:00+00:00
149125698,7017670,1,2017-10-13 00:00:00+00:00
168515257,8056895,2,2018-08-02 00:00:00+00:00
86240539,911190,4,2015-03-31 00:00:00+00:00
241521049,4095873,1,2021-11-07 00:00:00+00:00
253391626,911190,1,2022-06-23 00:00:00+00:00
104549327,8056895,1,2016-01-04 00:00:00+00:00
30041982,8924087,2,2012-07-03 00:00:00+00:00
46551001,7017670,5,2013-05-08 00:00:00+00:00
226828945,9440512,4,2021-02-22 00:00:00+00:00
163369496,2834535,1,2018-05-15 00:00:00+00:00
155234951,8924087,3,2018-01-17 00:00:00+00:00
103781429,9440512,2,2015-12-20 00:00:00+00:00
239439509,9440512,1,2021-09-30 00:00:00+00:00
155814467,911190,2,2018-01-25 00:00:00+00:00
163439898,3551261,3,2018-05-16 00:00:00+00:00
15957022,8924087,5,2011-06-14 00:00:00+00:00
234081849,911190,3,2021-06-23 00:00:00+00:00
110690027,4034190,2,2016-03-29 00:00:00+00:00
65382541,195504,2,2014-03-28 00:00:00+00:00
225874017,8924087,5,2021-02-06 00:00:00+00:00
129366717,195504,1,2017-01-02 00:00:00+00:00
11190835,4034190,2,2010-12-03 00:00:00+00:00
58957094,911190,3,2013-12-12 00:00:00+00:00
251972028,8924087,1,2022-05-26 00:00:00+00:00
43227678,4034190,3,2013-03-15 00:00:00+00:00
132884687,4095873,3,2017-02-20 00:00:00+00:00
36379810,4034190,1,2012-11-13 00:00:00+00:00
39914143,4095873,5,2013-01-18 00:00:00+00:00
212612740,8056895,2,2020-07-03 00:00:00+00:00
241967870,4034190,4,2021-11-15 00:00:00+00:00
180732947,4095873,1,2019-02-12 00:00:00+00:00
87054535,911190,1,2015-04-14 00:00:00+00:00
84824670,4034190,5,2015-03-08 00:00:00+00:00
227726237,4095873,5,2021-03-08 00:00:00+00:00
59683019,8056895,3,2013-12-26 00:00:00+00:00
149238685,8924087,2,2017-10-16 00:00:00+00:00
15650858,4034190,2,2011-06-04 00:00:00+00:00
129725034,7017670,2,2017-01-06 00:00:00+00:00
181783174,7017670,3,2019-02-27 00:00:00+00:00
44854575,8924087,1,2013-04-10 00:00:00+00:00
58838690,3551261,3,2013-12-11 00:00:00+00:00
61383733,195504,5,2014-01-26 00:00:00+00:00
251963279,4095873,4,2022-05-26 00:00:00+00:00
122934656,8924087,2,2016-09-26 00:00:00+00:00
123513221,195504,3,2016-10-04 00:00:00+00:00
214397450,195504,5,2020-07-29 00:00:00+00:00
241030208,4034190,1,2021-10-29 00:00:00+00:00
22309675,7017670,5,2011-12-20 00:00:00+00:00
23764222,4034190,3,2012-01-31 00:00:00+00:00
30233898,195504,2,2012-07-07 00:00:00+00:00
199874082,911190,3,2019-12-17 00:00:00+00:00
92875793,195504,4,2015-07-08 00:00:00+00:00
43676477,9440512,2,2013-03-22 00:00:00+00:00
226243777,4095873,1,2021-02-12 00:00:00+00:00
23453866,4034190,2,2012-01-23 00:00:00+00:00
17229870,3551261,5,2011-07-15 00:00:00+00:00
100052456,9440512,4,2015-10-26 00:00:00+00:00
161958572,195504,1,2018-04-23 00:00:00+00:00
86332245,2834535,2,2015-04-02 00:00:00+00:00
63924618,3551261,1,2014-03-06 00:00:00+00:00
43816686,195504,5,2013-03-24 00:00:00+00:00
37919086,911190,2,2012-12-11 00:00:00+00:00
252994846,195504,1,2022-06-15 00:00:00+00:00
78115024,911190,4,2014-11-09 00:00:00+00:00
131553163,7017670,2,2017-02-02 00:00:00+00:00
47016926,3551261,1,2013-05-16 00:00:00+00:00
206691754,4034190,2,2020-04-09 00:00:00+00:00
79499487,4095873,5,2014-12-03 00:00:00+00:00
189296218,911190,3,2019-06-24 00:00:00+00:00
227173067,8924087,2,2021-02-26 00:00:00+00:00
158473014,4095873,4,2018-03-05 00:00:00+00:00
91873009,2834535,3,2015-06-23 00:00:00+00:00
51144978,7017670,2,2013-07-26 00:00:00+00:00
24049414,911190,1,2012-02-07 00:00:00+00:00
90750919,4034190,1,2015-06-07 00:00:00+00:00
144335948,3551261,5,2017-08-04 00:00:00+00:00
193393223,4095873,1,2019-08-31 00:00:00+00:00
249318373,8924087,4,2022-04-04 00:00:00+00:00
175205817,8056895,4,2018-11-14 00:00:00+00:00
90233593,9440512,2,2015-05-30 00:00:00+00:00
214493714,4095873,5,2020-07-31 00:00:00+00:00
221136596,7017670,5,2020-11-18 00:00:00+00:00
47123118,195504,2,2013-05-17 00:00:00+00:00
29383780,7017670,2,2012-06-18 00:00:00+00:00
91328568,8924087,1,2015-06-15 00:00:00+00:00
158008572,4095873,3,2018-02-26 00:00:00+00:00
22890593,3551261,3,2012-01-07 00:00:00+00:00
220323947,195504,4,2020-11-04 00:00:00+00:00
58305631,8924087,2,2013-12-02 00:00:00+00:00
124135639,8056895,5,2016-10-13 00:00:00+00:00
162827626,8056895,2,2018-05-07 00:00:00+00:00
157404444,4095873,2,2018-02-17 00:00:00+00:00
74036801,195504,4,2014-08-27 00:00:00+00:00
124418169,4034190,1,2016-10-18 00:00:00+00:00
93015505,911190,3,2015-07-10 00:00:00+00:00
233606594,8056895,3,2021-06-15 00:00:00+00:00
129788546,4095873,4,2017-01-08 00:00:00+00:00
14906481,911190,2,2011-05-10 00:00:00+00:00
24158474,911190,1,2012-02-09 00:00:00+00:00
220988657,9440512,4,2020-11-16 00:00:00+00:00
144500972,4034190,3,2017-08-07 00:00:00+00:00
112562906,195504,2,2016-04-25 00:00:00+00:00
135546389,9440512,1,2017-03-29 00:00:00+00:00
245376744,8924087,3,2022-01-20 00:00:00+00:00
11744528,195504,4,2011-01-03 00:00:00+00:00
64183120,9440512,5,2014-03-10 00:00:00+00:00
220729919,9440512,3,2020-11-11 00:00:00+00:00
215103327,4095873,4,2020-08-10 00:00:00+00:00
201598395,7017670,4,2020-01-17 00:00:00+00:00
58429205,911190,2,2013-12-04 00:00:00+00:00
241859667,8056895,1,2021-11-13 00:00:00+00:00
116305314,8056895,3,2016-06-18 00:00:00+00:00
29918161,2834535,5,2012-06-29 00:00:00+00:00
227163892,9440512,4,2021-02-26 00:00:00+00:00
50191707,7017670,4,2013-07-10 00:00:00+00:00
137613611,9440512,3,2017-04-28 00:00:00+00:00
119653866,4095873,5,2016-08-08 00:00:00+00:00
193245238,2834535,5,2019-08-29 00:00:00+00:00
180656325,8924087,1,2019-02-11 00:00:00+00:00
137560208,8056895,2,2017-04-27 00:00:00+00:00
123575653,9440512,5,2016-10-05 00:00:00+00:00
71483363,4034190,5,2014-07-12 00:00:00+00:00
91400204,911190,1,2015-06-16 00:00:00+00:00
63826856,7017670,4,2014-03-04 00:00:00+00:00
245430842,8924087,5,2022-01-20 00:00:00+00:00
200211974,8924087,5,2019-12-23 00:00:00+00:00
32169707,4095873,2,2012-08-20 00:00:00+00:00
30835618,195504,1,2012-07-20 00:00:00+00:00
43285937,4095873,1,2013-03-15 00:00:00+00:00
18214203,2834535,3,2011-08-16 00:00:00+00:00
246978353,9440512,2,2022-02-17 00:00:00+00:00
138379234,8924087,4,2017-05-10 00:00:00+00:00
227100076,8056895,3,2021-02-25 00:00:00+00:00
176866720,8056895,5,2018-12-11 00:00:00+00:00
29490209,9440512,1,2012-06-20 00:00:00+00:00
249423000,4034190,5,2022-04-06 00:00:00+00:00
111872682,9440512,1,2016-04-15 00:00:00+00:00
130600240,4095873,1,2017-01-19 00:00:00+00:00
174213281,9440512,1,2018-10-30 00:00:00+00:00
50672434,3551261,4,2013-07-18 00:00:00+00:00
213360541,195504,5,2020-07-14 00:00:00+00:00
188003167,7017670,5,2019-06-03 00:00:00+00:00
51190204,195504,2,2013-07-27 00:00:00+00:00
84269652,8056895,3,2015-02-26 00:00:00+00:00
105230767,911190,3,2016-01-13 00:00:00+00:00
91206814,195504,4,2015-06-13 00:00:00+00:00
31955780,3551261,5,2012-08-15 00:00:00+00:00
199732381,911190,1,2019-12-14 00:00:00+00:00
10452566,911190,1,2010-10-25 00:00:00+00:00
183008032,8056895,5,2019-03-16 00:00:00+00:00
29758606,3551261,2,2012-06-26 00:00:00+00:00
46234452,2834535,1,2013-05-02 00:00:00+00:00
234314828,4095873,1,2021-06-28 00:00:00+00:00
110022694,911190,4,2016-03-19 00:00:00+00:00
57101430,4095873,4,2013-11-11 00:00:00+00:00
78258209,4034190,5,2014-11-11 00:00:00+00:00
130344573,195504,4,2017-01-16 00:00:00+00:00
240364058,4095873,3,2021-10-17 00:00:00+00:00
207687112,8056895,5,2020-04-24 00:00:00+00:00
206704299,2834535,5,2020-04-10 00:00:00+00:00
219623878,8056895,5,2020-10-23 00:00:00+00:00
8190760,4034190,4,2010-06-18 00:00:00+00:00
57145598,3551261,2,2013-11-12 00:00:00+00:00
17071543,4034190,2,2011-07-10 00:00:00+00:00
125112561,2834535,1,2016-10-27 00:00:00+00:00
194492678,8056895,3,2019-09-19 00:00:00+00:00
233131608,4095873,3,2021-06-07 00:00:00+00:00
93460936,4034190,3,2015-07-17 00:00:00+00:00
246201669,911190,2,2022-02-03 00:00:00+00:00
228749769,911190,3,2021-03-24 00:00:00+00:00
65156737,195504,4,2014-03-25 00:00:00+00:00
36651892,195504,1,2012-11-18 00:00:00+00:00
240148226,195504,2,2021-10-13 00:00:00+00:00
239554692,7017670,1,2021-10-02 00:00:00+00:00
135960002,3551261,1,2017-04-04 00:00:00+00:00
137559411,4034190,4,2017-04-27 00:00:00+00:00
46780656,4034190,5,2013-05-12 00:00:00+00:00
200054888,7017670,3,2019-12-19 00:00:00+00:00
182204801,9440512,3,2019-03-05 00:00:00+00:00
234522250,195504,5,2021-07-01 00:00:00+00:00
234668353,4095873,4,2021-07-04 00:00:00+00:00
90643290,195504,5,2015-06-05 00:00:00+00:00
181865878,4034190,4,2019-02-27 00:00:00+00:00
57369133,4034190,3,2013-11-15 00:00:00+00:00
24337022,8056895,2,2012-02-14 00:00:00+00:00
22950450,911190,2,2012-01-09 00:00:00+00:00
37132658,911190,4,2012-11-27 00:00:00+00:00
58891352,7017670,4,2013-12-12 00:00:00+00:00
187277428,8056895,4,2019-05-21 00:00:00+00:00
155986136,911190,2,2018-01-28 00:00:00+00:00
73142359,911190,2,2014-08-11 00:00:00+00:00
227282203,4095873,2,2021-03-01 00:00:00+00:00
228549862,7017670,1,2021-03-21 00:00:00+00:00
233480622,911190,1,2021-06-13 00:00:00+00:00
167780511,8924087,3,2018-07-22 00:00:00+00:00
97773765,7017670,4,2015-09-21 00:00:00+00:00
38339631,911190,1,2012-12-19 00:00:00+00:00
32068800,4095873,2,2012-08-17 00:00:00+00:00
87290012,4095873,4,2015-04-17 00:00:00+00:00
104555266,2834535,4,2016-01-04 00:00:00+00:00
45242936,4034190,5,2013-04-16 00:00:00+00:00
23903993,8924087,5,2012-02-03 00:00:00+00:00
149113798,4034190,1,2017-10-13 00:00:00+00:00
226325435,3551261,2,2021-02-13 00:00:00+00:00
14883902,4034190,1,2011-05-10 00:00:00+00:00
105264738,4095873,1,2016-01-13 00:00:00+00:00
85264795,4095873,5,2015-03-15 00:00:00+00:00
31344618,9440512,2,2012-08-01 00:00:00+00:00
187706530,3551261,2,2019-05-29 00:00:00+00:00
200146189,3551261,3,2019-12-21 00:00:00+00:00
65709894,195504,1,2014-04-03 00:00:00+00:00
175466936,2834535,5,2018-11-19 00:00:00+00:00
86821589,8924087,2,2015-04-10 00:00:00+00:00
117077527,3551261,3,2016-06-30 00:00:00+00:00
253679255,195504,1,2022-06-29 00:00:00+00:00
116580633,9440512,4,2016-06-22 00:00:00+00:00
137246570,4034190,1,2017-04-23 00:00:00+00:00
161259988,8056895,3,2018-04-13 00:00:00+00:00
36299045,911190,3,2012-11-11 00:00:00+00:00
7951044,8056895,1,2010-06-04 00:00:00+00:00
220327156,2834535,4,2020-11-05 00:00:00+00:00
208061681,195504,5,2020-04-29 00:00:00+00:00
160035948,195504,5,2018-03-27 00:00:00+00:00
195627186,3551261,4,2019-10-09 00:00:00+00:00
79534225,8056895,3,2014-12-04 00:00:00+00:00
169124018,7017670,5,2018-08-11 00:00:00+00:00
93166407,911190,3,2015-07-13 00:00:00+00:00
199639695,9440512,3,2019-12-12 00:00:00+00:00
43733102,195504,4,2013-03-22 00:00:00+00:00
252893378,4034190,3,2022-06-14 00:00:00+00:00
143793312,2834535,5,2017-07-28 00:00:00+00:00
87040054,4095873,4,2015-04-14 00:00:00+00:00
227064186,3551261,1,2021-02-25 00:00:00+00:00
214483327,9440512,5,2020-07-30 00:00:00+00:00
155925062,8924087,3,2018-01-27 00:00:00+00:00
202061026,3551261,1,2020-01-25 00:00:00+00:00
38061511,7017670,1,2012-12-13 00:00:00+00:00
58007758,8924087,2,2013-11-26 00:00:00+00:00
91861615,2834535,4,2015-06-23 00:00:00+00:00
228138894,9440512,2,2021-03-15 00:00:00+00:00
162771929,8056895,5,2018-05-05 00:00:00+00:00
50466373,4034190,5,2013-07-15 00:00:00+00:00
202095279,9440512,2,2020-01-26 00:00:00+00:00
72228914,3551261,4,2014-07-25 00:00:00+00:00
85385770,911190,3,2015-03-17 00:00:00+00:00
207503918,8056895,2,2020-04-21 00:00:00+00:00
53172367,9440512,3,2013-09-01 00:00:00+00:00
99504309,8056895,1,2015-10-16 00:00:00+00:00
165074710,9440512,4,2018-06-09 00:00:00+00:00
180497843,911190,5,2019-02-08 00:00:00+00:00
181019666,3551261,4,2019-02-15 00:00:00+00:00
138222491,8924087,4,2017-05-08 00:00:00+00:00
52653025,4095873,2,2013-08-22 00:00:00+00:00
29937661,3551261,3,2012-06-30 00:00:00+00:00
123903054,4034190,2,2016-10-10 00:00:00+00:00
25117791,2834535,1,2012-03-05 00:00:00+00:00
18111405,2834535,4,2011-08-12 00:00:00+00:00
64124980,2834535,1,2014-03-09 00:00:00+00:00
213110037,9440512,1,2020-07-10 00:00:00+00:00
71532063,7017670,5,2014-07-13 00:00:00+00:00
29633141,4034190,5,2012-06-23 00:00:00+00:00
142459998,7017670,4,2017-07-10 00:00:00+00:00
251706531,8056895,1,2022-05-21 00:00:00+00:00
44407077,4034190,2,2013-04-03 00:00:00+00:00
64779396,2834535,3,2014-03-19 00:00:00+00:00
253203361,3551261,1,2022-06-20 00:00:00+00:00
90363304,2834535,2,2015-06-01 00:00:00+00:00
99078715,195504,4,2015-10-10 00:00:00+00:00
15294597,911190,3,2011-05-23 00:00:00+00:00
10685691,2834535,4,2010-11-07 00:00:00+00:00
251855166,2834535,3,2022-05-24 00:00:00+00:00
228179130,195504,5,2021-03-15 00:00:00+00:00
16769929,8056895,5,2011-06-29 00:00:00+00:00
43679834,8056895,5,2013-03-22 00:00:00+00:00
73616392,8056895,1,2014-08-19 00:00:00+00:00
118612110,4034190,3,2016-07-23 00:00:00+00:00
234546274,9440512,3,2021-07-01 00:00:00+00:00
155904709,911190,5,2018-01-26 00:00:00+00:00
91258625,3551261,3,2015-06-14 00:00:00+00:00
248515843,2834535,1,2022-03-20 00:00:00+00:00
215319498,3551261,1,2020-08-13 00:00:00+00:00
60126994,8056895,5,2014-01-05 00:00:00+00:00
207859146,4095873,1,2020-04-27 00:00:00+00:00
36536484,9440512,2,2012-11-15 00:00:00+00:00
45570289,7017670,5,2013-04-22 00:00:00+00:00
136541338,195504,4,2017-04-12 00:00:00+00:00
111422047,9440512,2,2016-04-08 00:00:00+00:00
104435332,4095873,2,2016-01-01 00:00:00+00:00
10901850,2834535,4,2010-11-18 00:00:00+00:00
249943596,4095873,4,2022-04-16 00:00:00+00:00
91302452,4034190,5,2015-06-15 00:00:00+00:00
193465759,8924087,2,2019-09-02 00:00:00+00:00
92013766,195504,5,2015-06-25 00:00:00+00:00
31745950,7017670,1,2012-08-10 00:00:00+00:00
213971079,8056895,3,2020-07-23 00:00:00+00:00
235765222,9440512,3,2021-07-24 00:00:00+00:00
71299451,9440512,3,2014-07-09 00:00:00+00:00
109970333,8924087,1,2016-03-18 00:00:00+00:00
109729198,4095873,1,2016-03-15 00:00:00+00:00
141958365,9440512,2,2017-07-02 00:00:00+00:00
142829324,2834535,1,2017-07-14 00:00:00+00:00
219424189,3551261,1,2020-10-21 00:00:00+00:00
46444914,911190,5,2013-05-07 00:00:00+00:00
117699277,2834535,4,2016-07-09 00:00:00+00:00
59093136,9440512,3,2013-12-16 00:00:00+00:00
52435816,4034190,1,2013-08-19 00:00:00+00:00
135635360,2834535,2,2017-03-30 00:00:00+00:00
247073195,195504,2,2022-02-19 00:00:00+00:00
65782747,4034190,1,2014-04-04 00:00:00+00:00
111237598,3551261,3,2016-04-06 00:00:00+00:00
37509769,4034190,1,2012-12-04 00:00:00+00:00
78817207,195504,3,2014-11-21 00:00:00+00:00
246412818,8924087,3,2022-02-07 00:00:00+00:00
46981963,8056895,1,2013-05-15 00:00:00+00:00
233222141,4034190,2,2021-06-08 00:00:00+00:00
18183412,8056895,3,2011-08-15 00:00:00+00:00
24104211,4034190,3,2012-02-08 00:00:00+00:00
214589586,4095873,1,2020-08-02 00:00:00+00:00
154736549,8924087,5,2018-01-09 00:00:00+00:00
22636216,8056895,4,2011-12-31 00:00:00+00:00
30388236,8056895,3,2012-07-11 00:00:00+00:00
233008378,3551261,4,2021-06-04 00:00:00+00:00
79446343,7017670,3,2014-12-03 00:00:00+00:00
24139263,7017670,4,2012-02-09 00:00:00+00:00
51873128,4095873,2,2013-08-08 00:00:00+00:00
73844698,2834535,2,2014-08-23 00:00:00+00:00
150503394,8924087,4,2017-11-03 00:00:00+00:00
202918302,4034190,5,2020-02-08 00:00:00+00:00
174032647,7017670,1,2018-10-26 00:00:00+00:00
149286448,7017670,2,2017-10-16 00:00:00+00:00
83648368,4034190,3,2015-02-16 00:00:00+00:00
23119672,4095873,1,2012-01-13 00:00:00+00:00
12055737,9440512,2,2011-01-18 00:00:00+00:00
66131871,4034190,5,2014-04-09 00:00:00+00:00
119003424,4095873,3,2016-07-29 00:00:00+00:00
200459291,7017670,4,2019-12-28 00:00:00+00:00
124357528,7017670,5,2016-10-17 00:00:00+00:00
101520749,195504,4,2015-11-17 00:00:00+00:00
206787248,8924087,3,2020-04-11 00:00:00+00:00
53601501,4095873,3,2013-09-09 00:00:00+00:00
168741444,911190,2,2018-08-06 00:00:00+00:00
77961701,2834535,4,2014-11-06 00:00:00+00:00
149076112,9440512,4,2017-10-13 00:00:00+00:00
168650590,9440512,2,2018-08-03 00:00:00+00:00
126099309,4034190,2,2016-11-11 00:00:00+00:00
200225152,9440512,1,2019-12-23 00:00:00+00:00
78669737,4034190,5,2014-11-19 00:00:00+00:00
23405755,8056895,1,2012-01-21 00:00:00+00:00
168024562,8924087,4,2018-07-25 00:00:00+00:00
239618620,4034190,5,2021-10-03 00:00:00+00:00
149621422,4095873,3,2017-10-21 00:00:00+00:00
200904454,911190,3,2020-01-07 00:00:00+00:00
206217650,4095873,5,2020-04-02 00:00:00+00:00
130527518,911190,5,2017-01-18 00:00:00+00:00
169069197,3551261,3,2018-08-10 00:00:00+00:00
150146448,195504,3,2017-10-29 00:00:00+00:00
136468780,4095873,3,2017-04-11 00:00:00+00:00
240289055,8056895,3,2021-10-15 00:00:00+00:00
17494916,4095873,3,2011-07-24 00:00:00+00:00
84120834,3551261,3,2015-02-24 00:00:00+00:00
194252904,911190,1,2019-09-16 00:00:00+00:00
169164533,7017670,3,2018-08-12 00:00:00+00:00
14875862,8056895,3,2011-05-09 00:00:00+00:00
212996534,7017670,2,2020-07-08 00:00:00+00:00
208536378,8056895,4,2020-05-06 00:00:00+00:00
118083338,4095873,3,2016-07-15 00:00:00+00:00
188607167,7017670,1,2019-06-13 00:00:00+00:00
77314872,195504,2,2014-10-25 00:00:00+00:00
163818624,911190,2,2018-05-21 00:00:00+00:00
239586902,3551261,3,2021-10-03 00:00:00+00:00
119870819,8056895,5,2016-08-11 00:00:00+00:00
176209035,3551261,5,2018-11-30 00:00:00+00:00
31327801,8056895,4,2012-08-01 00:00:00+00:00
131498359,4095873,4,2017-02-01 00:00:00+00:00
78077056,7017670,5,2014-11-08 00:00:00+00:00
199762879,4095873,3,2019-12-15 00:00:00+00:00
130847274,9440512,5,2017-01-23 00:00:00+00:00
24199596,8056895,3,2012-02-10 00:00:00+00:00
15494386,8056895,4,2011-05-30 00:00:00+00:00
201971464,4095873,2,2020-01-23 00:00:00+00:00
124032685,195504,3,2016-10-12 00:00:00+00:00
202246533,8924087,2,2020-01-28 00:00:00+00:00
150936665,9440512,2,2017-11-09 00:00:00+00:00
183069587,2834535,3,2019-03-17 00:00:00+00:00
214284299,8924087,3,2020-07-28 00:00:00+00:00
59155563,9440512,2,2013-12-16 00:00:00+00:00
181118081,195504,5,2019-02-17 00:00:00+00:00
70926919,911190,2,2014-07-02 00:00:00+00:00
73816926,8056895,3,2014-08-22 00:00:00+00:00
106500788,911190,1,2016-01-31 00:00:00+00:00
182346722,4095873,2,2019-03-06 00:00:00+00:00
50334736,195504,2,2013-07-12 00:00:00+00:00
22475692,8056895,2,2011-12-25 00:00:00+00:00
45942414,9440512,1,2013-04-27 00:00:00+00:00
175738756,9440512,4,2018-11-23 00:00:00+00:00
51144777,7017670,2,2013-07-26 00:00:00+00:00
58890869,4095873,5,2013-12-12 00:00:00+00:00
129642762,8056895,1,2017-01-05 00:00:00+00:00
207292789,911190,2,2020-04-18 00:00:00+00:00
29805263,8056895,2,2012-06-27 00:00:00+00:00
31823630,7017670,4,2012-08-12 00:00:00+00:00
182272465,4034190,2,2019-03-06 00:00:00+00:00
29617536,9440512,1,2012-06-22 00:00:00+00:00
23380471,8056895,5,2012-01-20 00:00:00+00:00
158347601,3551261,5,2018-03-03 00:00:00+00:00
72494945,3551261,4,2014-07-30 00:00:00+00:00
72134545,195504,3,2014-07-23 00:00:00+00:00
63778997,2834535,2,2014-03-04 00:00:00+00:00
130718946,911190,5,2017-01-21 00:00:00+00:00
32213538,4034190,5,2012-08-21 00:00:00+00:00
181789581,8056895,2,2019-02-27 00:00:00+00:00
234794650,8924087,5,2021-07-06 00:00:00+00:00
242107687,7017670,2,2021-11-17 00:00:00+00:00
150254651,3551261,4,2017-10-31 00:00:00+00:00
46019296,9440512,2,2013-04-29 00:00:00+00:00
246680846,8056895,1,2022-02-12 00:00:00+00:00
70506102,4034190,2,2014-06-25 00:00:00+00:00
12031250,4034190,2,2011-01-17 00:00:00+00:00
32065764,9440512,5,2012-08-17 00:00:00+00:00
200290942,9440512,3,2019-12-24 00:00:00+00:00
149889958,9440512,4,2017-10-25 00:00:00+00:00
38449259,9440512,4,2012-12-20 00:00:00+00:00
30366194,195504,4,2012-07-10 00:00:00+00:00
23178394,7017670,1,2012-01-16 00:00:00+00:00
29888274,2834535,3,2012-06-29 00:00:00+00:00
228470713,4034190,2,2021-03-19 00:00:00+00:00
71887167,4095873,1,2014-07-19 00:00:00+00:00
129987232,9440512,3,2017-01-11 00:00:00+00:00
157865696,3551261,2,2018-02-24 00:00:00+00:00
91652257,4095873,4,2015-06-19 00:00:00+00:00
43389790,8056895,5,2013-03-18 00:00:00+00:00
119283461,3551261,3,2016-08-02 00:00:00+00:00
155874390,911190,3,2018-01-26 00:00:00+00:00
207896807,911190,1,2020-04-27 00:00:00+00:00
235371323,8924087,2,2021-07-16 00:00:00+00:00
156464970,4095873,1,2018-02-04 00:00:00+00:00
233393212,2834535,3,2021-06-11 00:00:00+00:00
125103405,195504,2,2016-10-27 00:00:00+00:00
47173084,2834535,4,2013-05-19 00:00:00+00:00
14886146,4095873,1,2011-05-10 00:00:00+00:00
227468011,8924087,1,2021-03-03 00:00:00+00:00
235345220,9440512,2,2021-07-16 00:00:00+00:00
111504383,2834535,4,2016-04-10 00:00:00+00:00
73322964,8056895,4,2014-08-14 00:00:00+00:00
232239691,4095873,1,2021-05-22 00:00:00+00:00
161831186,3551261,4,2018-04-21 00:00:00+00:00
228862015,4095873,4,2021-03-26 00:00:00+00:00
30541498,3551261,1,2012-07-14 00:00:00+00:00
215160427,4095873,2,2020-08-11 00:00:00+00:00
157310236,2834535,5,2018-02-16 00:00:00+00:00
144046853,9440512,5,2017-08-01 00:00:00+00:00
38717212,8056895,5,2012-12-27 00:00:00+00:00
124588790,2834535,2,2016-10-20 00:00:00+00:00
201644869,4034190,1,2020-01-18 00:00:00+00:00
100049751,4095873,2,2015-10-25 00:00:00+00:00
227700516,3551261,1,2021-03-08 00:00:00+00:00
93690962,7017670,4,2015-07-21 00:00:00+00:00
37390291,2834535,5,2012-12-02 00:00:00+00:00
156671064,911190,3,2018-02-07 00:00:00+00:00
174305456,195504,5,2018-10-31 00:00:00+00:00
24368509,9440512,3,2012-02-15 00:00:00+00:00
252927800,911190,4,2022-06-14 00:00:00+00:00
43569039,911190,5,2013-03-20 00:00:00+00:00
189218014,195504,2,2019-06-23 00:00:00+00:00
77578858,4095873,5,2014-10-30 00:00:00+00:00
22570571,7017670,4,2011-12-28 00:00:00+00:00
180566344,7017670,3,2019-02-08 00:00:00+00:00
143825777,8056895,5,2017-07-28 00:00:00+00:00
56867323,7017670,4,2013-11-06 00:00:00+00:00
226790908,7017670,4,2021-02-21 00:00:00+00:00
73845894,8924087,4,2014-08-23 00:00:00+00:00
201273321,3551261,5,2020-01-13 00:00:00+00:00
181002198,4095873,5,2019-02-15 00:00:00+00:00
162748049,2834535,4,2018-05-05 00:00:00+00:00
11670383,911190,4,2010-12-29 00:00:00+00:00
51998363,4034190,2,2013-08-10 00:00:00+00:00
227578657,4034190,1,2021-03-05 00:00:00+00:00
170497718,7017670,3,2018-09-02 00:00:00+00:00
161343708,8056895,3,2018-04-14 00:00:00+00:00
245200489,8056895,2,2022-01-17 00:00:00+00:00
58019553,9440512,3,2013-11-26 00:00:00+00:00
252031464,911190,5,2022-05-27 00:00:00+00:00
15182025,195504,1,2011-05-19 00:00:00+00:00
30035858,911190,2,2012-07-03 00:00:00+00:00
17453353,8924087,5,2011-07-22 00:00:00+00:00
77582725,911190,1,2014-10-30 00:00:00+00:00
57968285,195504,4,2013-11-26 00:00:00+00:00
175494274,2834535,3,2018-11-19 00:00:00+00:00
92914503,9440512,2,2015-07-09 00:00:00+00:00
24827584,7017670,2,2012-02-27 00:00:00+00:00
71874902,2834535,2,2014-07-19 00:00:00+00:00
10535355,9440512,4,2010-10-29 00:00:00+00:00
139150011,8056895,1,2017-05-21 00:00:00+00:00
123513419,8924087,1,2016-10-04 00:00:00+00:00
208146197,7017670,2,2020-04-30 00:00:00+00:00
52029679,195504,1,2013-08-12 00:00:00+00:00
71917639,4034190,2,2014-07-20 00:00:00+00:00
187658869,195504,4,2019-05-28 00:00:00+00:00
195160258,4034190,1,2019-10-01 00:00:00+00:00
53900815,8924087,5,2013-09-14 00:00:00+00:00
57432180,4034190,1,2013-11-16 00:00:00+00:00
139260615,8056895,5,2017-05-23 00:00:00+00:00
253320910,2834535,4,2022-06-22 00:00:00+00:00
29941854,9440512,2,2012-06-30 00:00:00+00:00
29487079,7017670,4,2012-06-20 00:00:00+00:00
240143340,7017670,3,2021-10-13 00:00:00+00:00
219942093,2834535,1,2020-10-29 00:00:00+00:00
29686576,8056895,1,2012-06-25 00:00:00+00:00
162158288,8056895,1,2018-04-26 00:00:00+00:00
70599056,195504,4,2014-06-26 00:00:00+00:00
22655289,3551261,3,2012-01-01 00:00:00+00:00
143634245,4034190,4,2017-07-26 00:00:00+00:00
206051048,3551261,2,2020-03-31 00:00:00+00:00
129296592,4034190,2,2016-12-31 00:00:00+00:00
15290416,9440512,4,2011-05-23 00:00:00+00:00
227282071,4095873,2,2021-03-01 00:00:00+00:00
200414957,9440512,5,2019-12-27 00:00:00+00:00
138872758,195504,1,2017-05-17 00:00:00+00:00
181550040,9440512,1,2019-02-23 00:00:00+00:00
57666538,911190,1,2013-11-20 00:00:00+00:00
212716398,2834535,1,2020-07-05 00:00:00+00:00
97168578,9440512,5,2015-09-11 00:00:00+00:00
194161767,4095873,5,2019-09-13 00:00:00+00:00
168380903,2834535,5,2018-07-31 00:00:00+00:00
97232814,8924087,3,2015-09-12 00:00:00+00:00
168693763,4034190,4,2018-08-04 00:00:00+00:00
61161758,9440512,3,2014-01-22 00:00:00+00:00
83580211,9440512,3,2015-02-15 00:00:00+00:00
228144497,8056895,1,2021-03-15 00:00:00+00:00
97914770,4034190,3,2015-09-23 00:00:00+00:00
16899571,195504,2,2011-07-04 00:00:00+00:00
248383585,3551261,1,2022-03-17 00:00:00+00:00
138088695,7017670,2,2017-05-05 00:00:00+00:00
144432333,8056895,5,2017-08-06 00:00:00+00:00
193991184,7017670,1,2019-09-11 00:00:00+00:00
92121763,7017670,2,2015-06-26 00:00:00+00:00
238902878,911190,3,2021-09-20 00:00:00+00:00
168238290,8924087,1,2018-07-28 00:00:00+00:00
194119101,195504,5,2019-09-12 00:00:00+00:00
136359879,9440512,4,2017-04-10 00:00:00+00:00
228381614,8056895,2,2021-03-18 00:00:00+00:00
150276655,4034190,4,2017-10-31 00:00:00+00:00
65934157,4034190,5,2014-04-07 00:00:00+00:00
253221990,8924087,2,2022-06-20 00:00:00+00:00
15229988,8056895,2,2011-05-20 00:00:00+00:00
91993881,3551261,2,2015-06-25 00:00:00+00:00
188667373,8924087,1,2019-06-13 00:00:00+00:00
44313307,3551261,4,2013-04-02 00:00:00+00:00
234412030,8924087,4,2021-06-29 00:00:00+00:00
245826849,2834535,4,2022-01-27 00:00:00+00:00
66299662,911190,1,2014-04-12 00:00:00+00:00
51927906,9440512,4,2013-08-09 00:00:00+00:00
226741844,3551261,3,2021-02-20 00:00:00+00:00
144398767,2834535,2,2017-08-05 00:00:00+00:00
241390579,911190,2,2021-11-04 00:00:00+00:00
193774862,195504,1,2019-09-07 00:00:00+00:00
227454846,7017670,2,2021-03-03 00:00:00+00:00
37038130,8924087,1,2012-11-26 00:00:00+00:00
109970513,9440512,4,2016-03-18 00:00:00+00:00
256105793,8056895,3,2022-08-17 00:00:00+00:00
252601568,2834535,1,2022-06-08 00:00:00+00:00
31728218,911190,3,2012-08-09 00:00:00+00:00
201479338,8924087,5,2020-01-16 00:00:00+00:00
39934077,3551261,3,2013-01-19 00:00:00+00:00
251457225,8924087,5,2022-05-17 00:00:00+00:00
110111969,8056895,2,2016-03-21 00:00:00+00:00
220508794,7017670,5,2020-11-08 00:00:00+00:00
226193227,195504,5,2021-02-11 00:00:00+00:00
65449074,8924087,5,2014-03-30 00:00:00+00:00
205972640,8924087,5,2020-03-30 00:00:00+00:00
188946708,4034190,2,2019-06-18 00:00:00+00:00
162093140,8056895,5,2018-04-25 00:00:00+00:00
8123105,3551261,5,2010-06-15 00:00:00+00:00
130846182,7017670,5,2017-01-23 00:00:00+00:00
50238941,2834535,3,2013-07-10 00:00:00+00:00
8196741,4034190,2,2010-06-19 00:00:00+00:00
206089597,4095873,3,2020-04-01 00:00:00+00:00
15298124,2834535,4,2011-05-23 00:00:00+00:00
194878245,4034190,2,2019-09-25 00:00:00+00:00
240781307,7017670,1,2021-10-25 00:00:00+00:00
57103445,9440512,4,2013-11-11 00:00:00+00:00
45162493,8924087,2,2013-04-15 00:00:00+00:00
183310214,7017670,3,2019-03-20 00:00:00+00:00
71517885,4095873,3,2014-07-13 00:00:00+00:00
37336555,3551261,2,2012-11-30 00:00:00+00:00
47210075,7017670,3,2013-05-20 00:00:00+00:00
52097070,195504,4,2013-08-13 00:00:00+00:00
143534650,9440512,5,2017-07-25 00:00:00+00:00
161782450,3551261,5,2018-04-20 00:00:00+00:00
22332910,7017670,3,2011-12-20 00:00:00+00:00
29666644,4034190,5,2012-06-24 00:00:00+00:00
175806137,8056895,3,2018-11-24 00:00:00+00:00
195495220,8924087,1,2019-10-07 00:00:00+00:00
15378473,8924087,1,2011-05-26 00:00:00+00:00
25007644,4034190,2,2012-03-02 00:00:00+00:00
78585345,8056895,1,2014-11-17 00:00:00+00:00
252017826,8056895,2,2022-05-27 00:00:00+00:00
130208213,2834535,3,2017-01-13 00:00:00+00:00
206889823,4095873,1,2020-04-13 00:00:00+00:00
221185387,8924087,4,2020-11-19 00:00:00+00:00
206359643,3551261,1,2020-04-05 00:00:00+00:00
23122474,3551261,5,2012-01-13 00:00:00+00:00
104390700,8056895,2,2015-12-31 00:00:00+00:00
226810978,911190,5,2021-02-21 00:00:00+00:00
234686609,8924087,3,2021-07-04 00:00:00+00:00
66364147,3551261,1,2014-04-14 00:00:00+00:00
254299161,4095873,4,2022-07-12 00:00:00+00:00
248949499,7017670,3,2022-03-28 00:00:00+00:00
137481755,195504,5,2017-04-26 00:00:00+00:00
23612239,4034190,3,2012-01-26 00:00:00+00:00
77754680,8056895,4,2014-11-03 00:00:00+00:00
176168269,2834535,2,2018-11-29 00:00:00+00:00
85206147,3551261,1,2015-03-14 00:00:00+00:00
187423368,9440512,2,2019-05-23 00:00:00+00:00
154892218,8056895,4,2018-01-11 00:00:00+00:00
24155411,195504,3,2012-02-09 00:00:00+00:00
15687966,4095873,4,2011-06-06 00:00:00+00:00
187993972,8924087,1,2019-06-03 00:00:00+00:00
87058594,911190,1,2015-04-14 00:00:00+00:00
239965484,4095873,3,2021-10-10 00:00:00+00:00
212750880,8056895,5,2020-07-05 00:00:00+00:00
46115908,4034190,1,2013-04-30 00:00:00+00:00
98353238,4095873,3,2015-09-29 00:00:00+00:00
168865120,2834535,3,2018-08-07 00:00:00+00:00
56880591,195504,3,2013-11-07 00:00:00+00:00
86248742,7017670,5,2015-04-01 00:00:00+00:00
163261151,4095873,3,2018-05-13 00:00:00+00:00
163420898,4034190,4,2018-05-15 00:00:00+00:00
137827039,8056895,2,2017-05-02 00:00:00+00:00
63770932,7017670,5,2014-03-04 00:00:00+00:00
123246129,8056895,2,2016-09-30 00:00:00+00:00
193879148,8056895,3,2019-09-09 00:00:00+00:00
31215784,3551261,2,2012-07-29 00:00:00+00:00
188279350,8924087,5,2019-06-07 00:00:00+00:00
29638883,4095873,4,2012-06-23 00:00:00+00:00
232361919,8056895,2,2021-05-25 00:00:00+00:00
22829689,2834535,2,2012-01-06 00:00:00+00:00
2240198,9440512,5,2009-04-13 00:00:00+00:00
181295238,8056895,2,2019-02-20 00:00:00+00:00
78412251,8056895,2,2014-11-14 00:00:00+00:00
195630805,8056895,2,2019-10-09 00:00:00+00:00
91474871,3551261,4,2015-06-17 00:00:00+00:00
182255267,4034190,1,2019-03-05 00:00:00+00:00
193623140,4034190,4,2019-09-04 00:00:00+00:00
38922373,8056895,1,2013-01-01 00:00:00+00:00
57833391,8056895,3,2013-11-23 00:00:00+00:00
253990562,7017670,5,2022-07-06 00:00:00+00:00
187853239,4034190,1,2019-05-31 00:00:00+00:00
182632045,8924087,4,2019-03-11 00:00:00+00:00
228564170,7017670,4,2021-03-22 00:00:00+00:00
181355497,4095873,1,2019-02-20 00:00:00+00:00
71452296,4095873,5,2014-07-11 00:00:00+00:00
189152945,8924087,1,2019-06-21 00:00:00+00:00
77733032,4034190,3,2014-11-02 00:00:00+00:00
163741567,2834535,3,2018-05-20 00:00:00+00:00
155207981,195504,2,2018-01-17 00:00:00+00:00
247175257,3551261,4,2022-02-21 00:00:00+00:00
200161045,8056895,3,2019-12-21 00:00:00+00:00
129452740,8056895,5,2017-01-03 00:00:00+00:00
16798617,4034190,5,2011-06-30 00:00:00+00:00
214639705,8924087,5,2020-08-03 00:00:00+00:00
163112235,4034190,4,2018-05-10 00:00:00+00:00
247601823,3551261,5,2022-03-01 00:00:00+00:00
64690344,7017670,2,2014-03-18 00:00:00+00:00
162733973,8924087,3,2018-05-04 00:00:00+00:00
214684527,2834535,3,2020-08-03 00:00:00+00:00
253220796,8924087,3,2022-06-20 00:00:00+00:00
162156616,9440512,5,2018-04-26 00:00:00+00:00
219660340,8924087,2,2020-10-24 00:00:00+00:00
254056754,911190,1,2022-07-07 00:00:00+00:00
84791079,3551261,5,2015-03-07 00:00:00+00:00
57841111,911190,5,2013-11-23 00:00:00+00:00
124525946,911190,2,2016-10-19 00:00:00+00:00
24989782,911190,4,2012-03-01 00:00:00+00:00
15300971,4034190,4,2011-05-24 00:00:00+00:00
164359845,2834535,2,2018-05-30 00:00:00+00:00
182161907,8924087,1,2019-03-04 00:00:00+00:00
117312977,8056895,4,2016-07-04 00:00:00+00:00
118823394,8924087,4,2016-07-26 00:00:00+00:00
174613602,4095873,4,2018-11-05 00:00:00+00:00
213641511,7017670,5,2020-07-17 00:00:00+00:00
105778254,911190,1,2016-01-21 00:00:00+00:00
149808361,9440512,4,2017-10-24 00:00:00+00:00
3556724,8924087,2,2009-08-07 00:00:00+00:00
124041456,4095873,4,2016-10-12 00:00:00+00:00
15082789,2834535,1,2011-05-16 00:00:00+00:00
23667270,195504,2,2012-01-28 00:00:00+00:00
181198731,911190,1,2019-02-18 00:00:00+00:00
2856673,911190,1,2009-06-09 00:00:00+00:00
106090370,2834535,4,2016-01-26 00:00:00+00:00
98603674,2834535,1,2015-10-03 00:00:00+00:00
249022828,4034190,2,2022-03-29 00:00:00+00:00
130386795,8056895,5,2017-01-17 00:00:00+00:00
44445370,9440512,5,2013-04-03 00:00:00+00:00
62850942,3551261,1,2014-02-18 00:00:00+00:00
235500429,911190,2,2021-07-19 00:00:00+00:00
155980478,4034190,5,2018-01-28 00:00:00+00:00
15800861,4095873,2,2011-06-09 00:00:00+00:00
144256172,195504,3,2017-08-03 00:00:00+00:00
43522242,9440512,4,2013-03-20 00:00:00+00:00
249908361,195504,5,2022-04-15 00:00:00+00:00
72393401,4095873,3,2014-07-28 00:00:00+00:00
124829761,4034190,5,2016-10-24 00:00:00+00:00
24295544,2834535,1,2012-02-13 00:00:00+00:00
131882314,7017670,4,2017-02-07 00:00:00+00:00
92190147,911190,2,2015-06-28 00:00:00+00:00
37269478,8924087,2,2012-11-29 00:00:00+00:00
239591729,8056895,1,2021-10-03 00:00:00+00:00
214337682,195504,1,2020-07-28 00:00:00+00:00
111170650,4095873,3,2016-04-05 00:00:00+00:00
142149593,4095873,1,2017-07-05 00:00:00+00:00
99147287,3551261,4,2015-10-12 00:00:00+00:00
249796352,911190,2,2022-04-13 00:00:00+00:00
149374302,4034190,2,2017-10-17 00:00:00+00:00
136549599,9440512,5,2017-04-12 00:00:00+00:00
3482803,4095873,1,2009-07-31 00:00:00+00:00
131071182,911190,2,2017-01-26 00:00:00+00:00
93431895,195504,2,2015-07-16 00:00:00+00:00
50500711,195504,5,2013-07-15 00:00:00+00:00
239401693,911190,3,2021-09-29 00:00:00+00:00
77320008,8924087,2,2014-10-26 00:00:00+00:00
176506266,7017670,4,2018-12-05 00:00:00+00:00
83586090,4095873,1,2015-02-15 00:00:00+00:00
180774864,2834535,2,2019-02-12 00:00:00+00:00
110224013,4095873,3,2016-03-22 00:00:00+00:00
43299617,4034190,4,2013-03-16 00:00:00+00:00
3589734,8924087,4,2009-08-10 00:00:00+00:00
129197211,195504,1,2016-12-29 00:00:00+00:00
77172304,8924087,1,2014-10-23 00:00:00+00:00
90750911,9440512,1,2015-06-07 00:00:00+00:00
148543926,7017670,5,2017-10-05 00:00:00+00:00
116423665,7017670,5,2016-06-20 00:00:00+00:00
202147138,911190,4,2020-01-27 00:00:00+00:00
181256816,7017670,2,2019-02-19 00:00:00+00:00
73625566,8056895,5,2014-08-20 00:00:00+00:00
104143891,3551261,4,2015-12-26 00:00:00+00:00
91036220,911190,1,2015-06-11 00:00:00+00:00
157719353,9440512,2,2018-02-22 00:00:00+00:00
44082412,7017670,5,2013-03-28 00:00:00+00:00
180697922,4034190,5,2019-02-11 00:00:00+00:00
232553359,3551261,1,2021-05-27 00:00:00+00:00
181236157,8056895,5,2019-02-19 00:00:00+00:00
249317676,4034190,1,2022-04-04 00:00:00+00:00
78465610,4034190,3,2014-11-15 00:00:00+00:00
11585835,4095873,1,2010-12-23 00:00:00+00:00
61530181,911190,5,2014-01-28 00:00:00+00:00
239662965,9440512,5,2021-10-04 00:00:00+00:00
93657316,3551261,3,2015-07-20 00:00:00+00:00
118143948,9440512,4,2016-07-16 00:00:00+00:00
137777852,4095873,5,2017-05-01 00:00:00+00:00
53414076,4095873,3,2013-09-05 00:00:00+00:00
109970250,8924087,3,2016-03-18 00:00:00+00:00
161299454,8056895,3,2018-04-13 00:00:00+00:00
180603985,7017670,1,2019-02-09 00:00:00+00:00
98868355,4034190,4,2015-10-07 00:00:00+00:00
104690055,195504,5,2016-01-05 00:00:00+00:00
110724038,9440512,1,2016-03-30 00:00:00+00:00
44211893,911190,4,2013-03-31 00:00:00+00:00
15015898,4034190,4,2011-05-13 00:00:00+00:00
156286779,4095873,1,2018-02-01 00:00:00+00:00
221315892,195504,5,2020-11-21 00:00:00+00:00
119466052,7017670,4,2016-08-04 00:00:00+00:00
188087342,8924087,4,2019-06-04 00:00:00+00:00
72096542,7017670,2,2014-07-23 00:00:00+00:00
111589900,8924087,1,2016-04-11 00:00:00+00:00
226503754,195504,1,2021-02-16 00:00:00+00:00
233683478,4095873,1,2021-06-16 00:00:00+00:00
206304885,9440512,1,2020-04-04 00:00:00+00:00
228831522,8924087,1,2021-03-25 00:00:00+00:00
169119949,4095873,3,2018-08-11 00:00:00+00:00
167665019,911190,2,2018-07-19 00:00:00+00:00
44575330,8056895,4,2013-04-05 00:00:00+00:00
161496938,9440512,2,2018-04-17 00:00:00+00:00
228683833,7017670,4,2021-03-23 00:00:00+00:00
182128299,3551261,4,2019-03-04 00:00:00+00:00
79431530,3551261,3,2014-12-02 00:00:00+00:00
79188659,2834535,3,2014-11-28 00:00:00+00:00
214970771,3551261,5,2020-08-08 00:00:00+00:00
234628983,2834535,4,2021-07-03 00:00:00+00:00
138145754,4034190,3,2017-05-06 00:00:00+00:00
50490791,195504,2,2013-07-15 00:00:00+00:00
7590976,911190,5,2010-05-14 00:00:00+00:00
84069102,195504,3,2015-02-23 00:00:00+00:00
61661138,8924087,4,2014-01-30 00:00:00+00:00
29761233,4095873,3,2012-06-26 00:00:00+00:00
25084732,4034190,4,2012-03-04 00:00:00+00:00
16089051,3551261,2,2011-06-18 00:00:00+00:00
90520896,9440512,2,2015-06-03 00:00:00+00:00
72527012,7017670,1,2014-07-30 00:00:00+00:00
23161954,4095873,1,2012-01-15 00:00:00+00:00
220921721,4095873,3,2020-11-15 00:00:00+00:00
124624707,8924087,5,2016-10-20 00:00:00+00:00
59282841,8056895,4,2013-12-18 00:00:00+00:00
30370195,7017670,3,2012-07-10 00:00:00+00:00
71569223,4095873,2,2014-07-14 00:00:00+00:00
91956358,195504,1,2015-06-24 00:00:00+00:00
130669388,7017670,2,2017-01-20 00:00:00+00:00
51282769,4034190,5,2013-07-29 00:00:00+00:00
24234395,8924087,1,2012-02-12 00:00:00+00:00
138207958,8924087,5,2017-05-07 00:00:00+00:00
124352925,9440512,2,2016-10-17 00:00:00+00:00
124273494,2834535,3,2016-10-15 00:00:00+00:00
59681375,9440512,3,2013-12-26 00:00:00+00:00
52602985,4034190,2,2013-08-21 00:00:00+00:00
187705524,4095873,3,2019-05-29 00:00:00+00:00
180627068,195504,1,2019-02-10 00:00:00+00:00
44150579,4095873,2,2013-03-29 00:00:00+00:00
36342430,3551261,3,2012-11-12 00:00:00+00:00
136312801,2834535,4,2017-04-09 00:00:00+00:00
123571633,2834535,3,2016-10-05 00:00:00+00:00
252263011,195504,3,2022-06-01 00:00:00+00:00
52268003,3551261,4,2013-08-15 00:00:00+00:00
212660348,7017670,5,2020-07-03 00:00:00+00:00
167670776,3551261,4,2018-07-19 00:00:00+00:00
45325892,8924087,5,2013-04-17 00:00:00+00:00
234875548,7017670,3,2021-07-07 00:00:00+00:00
220313333,2834535,3,2020-11-04 00:00:00+00:00
31594371,911190,4,2012-08-07 00:00:00+00:00
233943572,2834535,5,2021-06-21 00:00:00+00:00
143339099,8056895,3,2017-07-21 00:00:00+00:00
131204875,8924087,5,2017-01-27 00:00:00+00:00
30853450,911190,2,2012-07-21 00:00:00+00:00
117040809,2834535,3,2016-06-29 00:00:00+00:00
44921890,8924087,1,2013-04-11 00:00:00+00:00
59184451,4034190,2,2013-12-17 00:00:00+00:00
206827939,195504,2,2020-04-12 00:00:00+00:00
51904044,8924087,5,2013-08-08 00:00:00+00:00
50678667,8056895,4,2013-07-18 00:00:00+00:00
60519853,4095873,4,2014-01-12 00:00:00+00:00
8338836,7017670,4,2010-06-28 00:00:00+00:00
131069359,9440512,5,2017-01-26 00:00:00+00:00
37123459,3551261,3,2012-11-27 00:00:00+00:00
148764612,8924087,4,2017-10-09 00:00:00+00:00
103783967,195504,5,2015-12-20 00:00:00+00:00
104158639,9440512,4,2015-12-27 00:00:00+00:00
227042925,7017670,2,2021-02-25 00:00:00+00:00
168231953,911190,4,2018-07-28 00:00:00+00:00
96815203,9440512,5,2015-09-06 00:00:00+00:00
150027833,911190,1,2017-10-27 00:00:00+00:00
18133430,2834535,2,2011-08-13 00:00:00+00:00
175414336,8924087,5,2018-11-18 00:00:00+00:00
29607734,9440512,5,2012-06-22 00:00:00+00:00
118109161,3551261,3,2016-07-15 00:00:00+00:00
167747652,4034190,5,2018-07-21 00:00:00+00:00
22870890,195504,2,2012-01-07 00:00:00+00:00
45391008,4095873,1,2013-04-18 00:00:00+00:00
199713998,195504,1,2019-12-13 00:00:00+00:00
200859919,4095873,2,2020-01-06 00:00:00+00:00
84720306,3551261,3,2015-03-05 00:00:00+00:00
219146470,7017670,4,2020-10-16 00:00:00+00:00
58636975,911190,5,2013-12-07 00:00:00+00:00
164390239,8056895,2,2018-05-30 00:00:00+00:00
30338738,7017670,5,2012-07-10 00:00:00+00:00
52242500,8056895,5,2013-08-15 00:00:00+00:00
155685528,8056895,2,2018-01-24 00:00:00+00:00
78237801,8056895,3,2014-11-11 00:00:00+00:00
58242920,9440512,4,2013-12-01 00:00:00+00:00
238605828,911190,4,2021-09-15 00:00:00+00:00
3942820,2834535,5,2009-09-08 00:00:00+00:00
50805342,9440512,4,2013-07-21 00:00:00+00:00
99816312,9440512,2,2015-10-21 00:00:00+00:00
129588514,2834535,3,2017-01-05 00:00:00+00:00
46464662,195504,5,2013-05-07 00:00:00+00:00
241096178,4034190,5,2021-10-30 00:00:00+00:00
23926735,4034190,1,2012-02-03 00:00:00+00:00
142386054,8924087,2,2017-07-08 00:00:00+00:00
111362250,8056895,5,2016-04-08 00:00:00+00:00
59542927,911190,4,2013-12-23 00:00:00+00:00
73476866,4034190,1,2014-08-17 00:00:00+00:00
29802688,8924087,1,2012-06-27 00:00:00+00:00
206718517,195504,5,2020-04-10 00:00:00+00:00
98201615,7017670,1,2015-09-27 00:00:00+00:00
30164064,4095873,3,2012-07-05 00:00:00+00:00
63689757,195504,3,2014-03-03 00:00:00+00:00
57962229,911190,4,2013-11-26 00:00:00+00:00
72151849,8924087,4,2014-07-24 00:00:00+00:00
130491894,9440512,1,2017-01-18 00:00:00+00:00
109873413,195504,5,2016-03-17 00:00:00+00:00
144563225,2834535,3,2017-08-08 00:00:00+00:00
72105355,911190,1,2014-07-23 00:00:00+00:00
156824938,8056895,1,2018-02-09 00:00:00+00:00
200210822,4034190,4,2019-12-23 00:00:00+00:00
232138764,8924087,3,2021-05-20 00:00:00+00:00
45431102,195504,3,2013-04-19 00:00:00+00:00
59029398,2834535,4,2013-12-14 00:00:00+00:00
90915183,8056895,5,2015-06-09 00:00:00+00:00
116289856,9440512,5,2016-06-17 00:00:00+00:00
233884091,195504,3,2021-06-20 00:00:00+00:00
36715023,911190,1,2012-11-19 00:00:00+00:00
226823223,4034190,1,2021-02-21 00:00:00+00:00
86971573,4095873,5,2015-04-13 00:00:00+00:00
17774490,3551261,1,2011-08-02 00:00:00+00:00
43668524,3551261,5,2013-03-21 00:00:00+00:00
91763410,2834535,3,2015-06-22 00:00:00+00:00
215449226,7017670,3,2020-08-16 00:00:00+00:00
254254190,195504,5,2022-07-11 00:00:00+00:00
45203347,8056895,4,2013-04-16 00:00:00+00:00
106655704,8056895,5,2016-02-02 00:00:00+00:00
93594428,8924087,1,2015-07-19 00:00:00+00:00
155613113,2834535,5,2018-01-23 00:00:00+00:00
57430980,911190,2,2013-11-16 00:00:00+00:00
103734556,8056895,3,2015-12-18 00:00:00+00:00
162764693,8056895,2,2018-05-05 00:00:00+00:00
221359749,7017670,1,2020-11-22 00:00:00+00:00
245350167,3551261,4,2022-01-19 00:00:00+00:00
67404085,7017670,1,2014-05-01 00:00:00+00:00
158382336,3551261,5,2018-03-03 00:00:00+00:00
52147861,4095873,1,2013-08-13 00:00:00+00:00
240027440,7017670,4,2021-10-11 00:00:00+00:00
129810831,8924087,5,2017-01-08 00:00:00+00:00
92148153,8924087,1,2015-06-27 00:00:00+00:00
65073629,4034190,4,2014-03-24 00:00:00+00:00
124194657,7017670,2,2016-10-14 00:00:00+00:00
237766180,911190,1,2021-08-30 00:00:00+00:00
221202129,911190,2,2020-11-19 00:00:00+00:00
45065646,911190,2,2013-04-13 00:00:00+00:00
124344530,8056895,3,2016-10-17 00:00:00+00:00
83752135,8056895,3,2015-02-18 00:00:00+00:00
84179521,8924087,2,2015-02-25 00:00:00+00:00
196932398,911190,4,2019-10-30 00:00:00+00:00
170147207,9440512,1,2018-08-28 00:00:00+00:00
123633628,4034190,2,2016-10-06 00:00:00+00:00
206771998,9440512,3,2020-04-11 00:00:00+00:00
131767384,7017670,2,2017-02-05 00:00:00+00:00
36688679,4034190,1,2012-11-19 00:00:00+00:00
112611689,7017670,5,2016-04-25 00:00:00+00:00
57956370,9440512,3,2013-11-26 00:00:00+00:00
199718997,4034190,1,2019-12-14 00:00:00+00:00
129666736,3551261,5,2017-01-06 00:00:00+00:00
186887962,8924087,5,2019-05-15 00:00:00+00:00
207669539,8924087,1,2020-04-24 00:00:00+00:00
106611801,8924087,4,2016-02-02 00:00:00+00:00
58521493,4095873,2,2013-12-05 00:00:00+00:00
83705626,4034190,1,2015-02-17 00:00:00+00:00
98057333,195504,4,2015-09-24 00:00:00+00:00
232211612,4095873,1,2021-05-21 00:00:00+00:00
1360603,8924087,1,2009-01-14 00:00:00+00:00
91297678,3551261,2,2015-06-15 00:00:00+00:00
85016237,8056895,1,2015-03-11 00:00:00+00:00
73418424,8056895,5,2014-08-15 00:00:00+00:00
120067042,195504,1,2016-08-14 00:00:00+00:00
40170736,4095873,1,2013-01-23 00:00:00+00:00
110316677,3551261,2,2016-03-23 00:00:00+00:00
193371393,3551261,2,2019-08-31 00:00:00+00:00
143206055,8924087,2,2017-07-20 00:00:00+00:00
175741111,195504,5,2018-11-23 00:00:00+00:00
253096837,8924087,2,2022-06-17 00:00:00+00:00
24543184,2834535,3,2012-02-20 00:00:00+00:00
110026847,7017670,2,2016-03-19 00:00:00+00:00
92345794,9440512,3,2015-06-30 00:00:00+00:00
181145534,8056895,3,2019-02-18 00:00:00+00:00
129592317,195504,1,2017-01-05 00:00:00+00:00
200457678,4034190,5,2019-12-28 00:00:00+00:00
9027713,911190,2,2010-08-06 00:00:00+00:00
168380785,2834535,4,2018-07-31 00:00:00+00:00
15838748,7017670,5,2011-06-10 00:00:00+00:00
180704521,3551261,4,2019-02-11 00:00:00+00:00
130786997,8056895,5,2017-01-22 00:00:00+00:00
144404925,195504,1,2017-08-05 00:00:00+00:00
235064737,8056895,4,2021-07-11 00:00:00+00:00
111980849,8056895,1,2016-04-16 00:00:00+00:00
148599093,4034190,3,2017-10-06 00:00:00+00:00
135968105,9440512,3,2017-04-04 00:00:00+00:00
77759465,8056895,4,2014-11-03 00:00:00+00:00
199925344,3551261,1,2019-12-17 00:00:00+00:00
43885333,4034190,2,2013-03-25 00:00:00+00:00
112142674,9440512,4,2016-04-19 00:00:00+00:00
163730498,8056895,1,2018-05-20 00:00:00+00:00
162155945,8924087,3,2018-04-26 00:00:00+00:00
239627924,911190,4,2021-10-04 00:00:00+00:00
130832803,2834535,2,2017-01-23 00:00:00+00:00
213054088,911190,4,2020-07-09 00:00:00+00:00
220760467,911190,4,2020-11-12 00:00:00+00:00
220473263,8924087,5,2020-11-07 00:00:00+00:00
130309291,195504,3,2017-01-16 00:00:00+00:00
130339482,8056895,1,2017-01-16 00:00:00+00:00
58430924,7017670,2,2013-12-04 00:00:00+00:00
142956520,4095873,2,2017-07-17 00:00:00+00:00
97583542,7017670,1,2015-09-17 00:00:00+00:00
252901752,2834535,4,2022-06-14 00:00:00+00:00
37683014,4034190,1,2012-12-06 00:00:00+00:00
44027271,7017670,5,2013-03-27 00:00:00+00:00
18368222,2834535,1,2011-08-21 00:00:00+00:00
50875046,8924087,4,2013-07-22 00:00:00+00:00
15626363,4034190,5,2011-06-03 00:00:00+00:00
31623761,9440512,4,2012-08-07 00:00:00+00:00
51282620,4095873,5,2013-07-29 00:00:00+00:00
131827214,2834535,3,2017-02-06 00:00:00+00:00
168478847,7017670,2,2018-08-01 00:00:00+00:00
90360929,3551261,2,2015-06-01 00:00:00+00:00
60963270,7017670,4,2014-01-19 00:00:00+00:00
137754786,2834535,4,2017-05-01 00:00:00+00:00
254389255,4034190,3,2022-07-13 00:00:00+00:00
15618571,195504,5,2011-06-03 00:00:00+00:00
45290751,7017670,3,2013-04-17 00:00:00+00:00
64180715,195504,4,2014-03-10 00:00:00+00:00
137739459,8924087,4,2017-04-30 00:00:00+00:00
213039931,8056895,4,2020-07-09 00:00:00+00:00
149902448,4095873,3,2017-10-25 00:00:00+00:00
164530976,8924087,1,2018-06-01 00:00:00+00:00
111021907,7017670,3,2016-04-04 00:00:00+00:00
85791137,2834535,4,2015-03-24 00:00:00+00:00
30871266,195504,3,2012-07-21 00:00:00+00:00
180797310,195504,5,2019-02-12 00:00:00+00:00
105190867,9440512,5,2016-01-13 00:00:00+00:00
200808036,8924087,3,2020-01-05 00:00:00+00:00
144632336,911190,1,2017-08-09 00:00:00+00:00
39076980,195504,3,2013-01-04 00:00:00+00:00
123375529,8056895,1,2016-10-02 00:00:00+00:00
103631834,8056895,5,2015-12-17 00:00:00+00:00
247161412,4034190,5,2022-02-21 00:00:00+00:00
188375427,3551261,3,2019-06-09 00:00:00+00:00
144480138,9440512,1,2017-08-07 00:00:00+00:00
24587524,911190,5,2012-02-21 00:00:00+00:00
70303399,9440512,2,2014-06-20 00:00:00+00:00
194576493,3551261,2,2019-09-20 00:00:00+00:00
24456866,195504,1,2012-02-17 00:00:00+00:00
92060364,3551261,4,2015-06-26 00:00:00+00:00
155726972,195504,1,2018-01-24 00:00:00+00:00
72963909,2834535,3,2014-08-07 00:00:00+00:00
24228631,4034190,2,2012-02-12 00:00:00+00:00
44263085,195504,2,2013-04-01 00:00:00+00:00
73463282,8924087,4,2014-08-17 00:00:00+00:00
175732900,4095873,3,2018-11-23 00:00:00+00:00
92168291,195504,1,2015-06-28 00:00:00+00:00
142495972,8924087,4,2017-07-10 00:00:00+00:00
76958877,4095873,2,2014-10-19 00:00:00+00:00
24719539,4095873,5,2012-02-24 00:00:00+00:00
252295242,911190,3,2022-06-02 00:00:00+00:00
129375997,7017670,4,2017-01-02 00:00:00+00:00
169177288,8056895,3,2018-08-12 00:00:00+00:00
159603024,4034190,4,2018-03-21 00:00:00+00:00
72750139,4095873,1,2014-08-04 00:00:00+00:00
79343727,195504,1,2014-12-01 00:00:00+00:00
181188604,911190,5,2019-02-18 00:00:00+00:00
22682547,2834535,1,2012-01-02 00:00:00+00:00
103813104,911190,3,2015-12-20 00:00:00+00:00
180971172,4034190,2,2019-02-14 00:00:00+00:00
11879361,7017670,5,2011-01-10 00:00:00+00:00
16970145,195504,4,2011-07-06 00:00:00+00:00
106004007,2834535,1,2016-01-24 00:00:00+00:00
122632911,8056895,1,2016-09-21 00:00:00+00:00
118910334,8056895,4,2016-07-27 00:00:00+00:00
59424504,8924087,3,2013-12-20 00:00:00+00:00
57635878,4034190,4,2013-11-20 00:00:00+00:00
110246400,8056895,2,2016-03-23 00:00:00+00:00
227123293,2834535,5,2021-02-26 00:00:00+00:00
170064972,8056895,3,2018-08-26 00:00:00+00:00
73430855,2834535,4,2014-08-15 00:00:00+00:00
85260418,8056895,1,2015-03-15 00:00:00+00:00
73845038,7017670,3,2014-08-23 00:00:00+00:00
90992710,8924087,4,2015-06-10 00:00:00+00:00
206472287,911190,1,2020-04-06 00:00:00+00:00
38263428,4095873,2,2012-12-18 00:00:00+00:00
23160305,8924087,3,2012-01-15 00:00:00+00:00
90660997,7017670,4,2015-06-05 00:00:00+00:00
77685829,195504,1,2014-11-01 00:00:00+00:00
187937427,911190,4,2019-06-01 00:00:00+00:00
87176810,4034190,1,2015-04-16 00:00:00+00:00
22729184,3551261,4,2012-01-03 00:00:00+00:00
45308473,3551261,1,2013-04-17 00:00:00+00:00
176458904,3551261,2,2018-12-04 00:00:00+00:00
24336643,911190,2,2012-02-14 00:00:00+00:00
135527633,911190,4,2017-03-29 00:00:00+00:00
23717659,7017670,5,2012-01-30 00:00:00+00:00
91571779,8056895,3,2015-06-18 00:00:00+00:00
104707779,7017670,3,2016-01-06 00:00:00+00:00
51243029,9440512,2,2013-07-29 00:00:00+00:00
245466358,4095873,3,2022-01-21 00:00:00+00:00
130784208,195504,3,2017-01-22 00:00:00+00:00
193377239,911190,3,2019-08-31 00:00:00+00:00
93746480,8056895,4,2015-07-21 00:00:00+00:00
202070621,4034190,5,2020-01-25 00:00:00+00:00
86774685,195504,4,2015-04-09 00:00:00+00:00
73073524,8924087,3,2014-08-09 00:00:00+00:00
187356159,9440512,4,2019-05-23 00:00:00+00:00
175047425,4034190,3,2018-11-12 00:00:00+00:00
72559882,4034190,4,2014-07-31 00:00:00+00:00
187756629,4034190,2,2019-05-29 00:00:00+00:00
123195560,9440512,2,2016-09-29 00:00:00+00:00
148326137,8924087,1,2017-10-02 00:00:00+00:00
91202911,4095873,4,2015-06-13 00:00:00+00:00
158145688,195504,2,2018-02-28 00:00:00+00:00
249300457,8056895,2,2022-04-04 00:00:00+00:00
3894004,3551261,1,2009-09-03 00:00:00+00:00
234473637,9440512,3,2021-06-30 00:00:00+00:00
100134514,9440512,4,2015-10-27 00:00:00+00:00
247488419,7017670,1,2022-02-27 00:00:00+00:00
248176179,9440512,3,2022-03-13 00:00:00+00:00
131649955,195504,5,2017-02-03 00:00:00+00:00
92188443,911190,4,2015-06-28 00:00:00+00:00
17137281,9440512,4,2011-07-12 00:00:00+00:00
45926283,8056895,1,2013-04-27 00:00:00+00:00
63690091,911190,2,2014-03-03 00:00:00+00:00
50404751,3551261,5,2013-07-13 00:00:00+00:00
240889540,7017670,1,2021-10-26 00:00:00+00:00
214254845,195504,1,2020-07-27 00:00:00+00:00
111328290,195504,3,2016-04-07 00:00:00+00:00
46722998,195504,5,2013-05-11 00:00:00+00:00
79014218,8056895,1,2014-11-25 00:00:00+00:00
71054155,8056895,5,2014-07-04 00:00:00+00:00
167893200,4095873,5,2018-07-24 00:00:00+00:00
213881291,8056895,5,2020-07-21 00:00:00+00:00
249927288,9440512,2,2022-04-16 00:00:00+00:00
65099313,911190,5,2014-03-24 00:00:00+00:00
37898459,4034190,1,2012-12-11 00:00:00+00:00
174337915,3551261,5,2018-11-01 00:00:00+00:00
31033177,4034190,1,2012-07-25 00:00:00+00:00
220973965,4095873,5,2020-11-16 00:00:00+00:00
39300164,4095873,3,2013-01-08 00:00:00+00:00
252027942,9440512,1,2022-05-27 00:00:00+00:00
52290149,911190,3,2013-08-15 00:00:00+00:00
213891225,9440512,5,2020-07-22 00:00:00+00:00
94054879,9440512,4,2015-07-26 00:00:00+00:00
50254288,8924087,1,2013-07-11 00:00:00+00:00
24928850,7017670,5,2012-02-29 00:00:00+00:00
168880234,3551261,5,2018-08-07 00:00:00+00:00
11386289,4034190,3,2010-12-13 00:00:00+00:00
234172775,4034190,5,2021-06-24 00:00:00+00:00
130065233,8056895,3,2017-01-12 00:00:00+00:00
253136035,195504,5,2022-06-18 00:00:00+00:00
249074874,4095873,3,2022-03-30 00:00:00+00:00
247583901,3551261,2,2022-03-01 00:00:00+00:00
103425652,911190,4,2015-12-15 00:00:00+00:00
85259196,8924087,2,2015-03-15 00:00:00+00:00
162795810,8056895,3,2018-05-06 00:00:00+00:00
137191776,4095873,4,2017-04-22 00:00:00+00:00
213674844,8924087,5,2020-07-18 00:00:00+00:00
84084557,195504,4,2015-02-24 00:00:00+00:00
137349212,3551261,1,2017-04-25 00:00:00+00:00
149333243,195504,2,2017-10-17 00:00:00+00:00
98929228,3551261,3,2015-10-08 00:00:00+00:00
214180408,8056895,4,2020-07-26 00:00:00+00:00
86523972,8924087,4,2015-04-06 00:00:00+00:00
148715032,4034190,1,2017-10-08 00:00:00+00:00
187345780,4034190,1,2019-05-22 00:00:00+00:00
156914470,8056895,2,2018-02-10 00:00:00+00:00
116784392,8056895,1,2016-06-25 00:00:00+00:00
135954967,4095873,4,2017-04-04 00:00:00+00:00
187646434,4095873,3,2019-05-28 00:00:00+00:00
246643628,3551261,2,2022-02-11 00:00:00+00:00
116347679,4095873,1,2016-06-19 00:00:00+00:00
240761386,9440512,5,2021-10-24 00:00:00+00:00
66033239,8056895,3,2014-04-08 00:00:00+00:00
246073936,3551261,1,2022-02-01 00:00:00+00:00
112610931,8924087,5,2016-04-25 00:00:00+00:00
183255678,195504,1,2019-03-20 00:00:00+00:00
220167348,8924087,2,2020-11-02 00:00:00+00:00
10569687,4034190,5,2010-11-01 00:00:00+00:00
22708140,7017670,5,2012-01-03 00:00:00+00:00
155060209,9440512,2,2018-01-15 00:00:00+00:00
168257089,8924087,2,2018-07-29 00:00:00+00:00
240872737,2834535,5,2021-10-26 00:00:00+00:00
200022802,195504,4,2019-12-19 00:00:00+00:00
164500046,8924087,2,2018-05-31 00:00:00+00:00
90237055,9440512,5,2015-05-30 00:00:00+00:00
16693824,8924087,4,2011-06-27 00:00:00+00:00
136580970,4034190,1,2017-04-13 00:00:00+00:00
93546303,8924087,2,2015-07-18 00:00:00+00:00
130894283,8056895,5,2017-01-24 00:00:00+00:00
226032475,195504,2,2021-02-09 00:00:00+00:00
232916336,3551261,3,2021-06-03 00:00:00+00:00
245725361,8056895,2,2022-01-26 00:00:00+00:00
163153931,2834535,3,2018-05-11 00:00:00+00:00
235775044,4095873,4,2021-07-24 00:00:00+00:00
253102919,4095873,4,2022-06-17 00:00:00+00:00
163417399,9440512,4,2018-05-15 00:00:00+00:00
8298570,4095873,3,2010-06-25 00:00:00+00:00
190352566,195504,1,2019-07-11 00:00:00+00:00
18218096,8056895,4,2011-08-16 00:00:00+00:00
201446159,7017670,3,2020-01-15 00:00:00+00:00
3855969,4034190,4,2009-08-31 00:00:00+00:00
194246070,4034190,4,2019-09-15 00:00:00+00:00
235755908,9440512,1,2021-07-24 00:00:00+00:00
129911185,3551261,1,2017-01-10 00:00:00+00:00
78359660,8056895,4,2014-11-13 00:00:00+00:00
16019898,911190,4,2011-06-16 00:00:00+00:00
103864983,9440512,1,2015-12-21 00:00:00+00:00
164154013,195504,2,2018-05-26 00:00:00+00:00
3596907,8924087,5,2009-08-11 00:00:00+00:00
194722521,911190,3,2019-09-23 00:00:00+00:00
111464876,911190,4,2016-04-09 00:00:00+00:00
137148899,8056895,2,2017-04-21 00:00:00+00:00
233077582,7017670,3,2021-06-06 00:00:00+00:00
149360747,8056895,2,2017-10-17 00:00:00+00:00
72141784,4095873,4,2014-07-24 00:00:00+00:00
195167449,2834535,4,2019-10-01 00:00:00+00:00
61549287,4034190,4,2014-01-28 00:00:00+00:00
112499738,2834535,2,2016-04-24 00:00:00+00:00
247769478,8056895,1,2022-03-04 00:00:00+00:00
188755308,4034190,1,2019-06-15 00:00:00+00:00
91331818,195504,5,2015-06-15 00:00:00+00:00
207226645,195504,4,2020-04-17 00:00:00+00:00
130560744,7017670,4,2017-01-19 00:00:00+00:00
50488683,2834535,5,2013-07-15 00:00:00+00:00
24620840,4034190,1,2012-02-22 00:00:00+00:00
253055169,4095873,4,2022-06-16 00:00:00+00:00
155648492,8924087,1,2018-01-23 00:00:00+00:00
61332166,4034190,3,2014-01-24 00:00:00+00:00
214133554,7017670,1,2020-07-25 00:00:00+00:00
93575943,911190,2,2015-07-19 00:00:00+00:00
132122489,911190,2,2017-02-09 00:00:00+00:00
18175521,4095873,2,2011-08-15 00:00:00+00:00
64555805,8924087,2,2014-03-15 00:00:00+00:00
117332436,8924087,4,2016-07-04 00:00:00+00:00
142763781,4095873,3,2017-07-13 00:00:00+00:00
70858316,195504,4,2014-07-01 00:00:00+00:00
51916958,8924087,4,2013-08-09 00:00:00+00:00
110456861,7017670,2,2016-03-25 00:00:00+00:00
252961657,4034190,1,2022-06-15 00:00:00+00:00
63826050,4034190,3,2014-03-04 00:00:00+00:00
84269672,911190,5,2015-02-26 00:00:00+00:00
72131324,195504,2,2014-07-23 00:00:00+00:00
22563326,4034190,2,2011-12-28 00:00:00+00:00
91929715,9440512,4,2015-06-24 00:00:00+00:00
181586195,3551261,4,2019-02-24 00:00:00+00:00
187136980,9440512,3,2019-05-20 00:00:00+00:00
195818286,3551261,1,2019-10-11 00:00:00+00:00
29792523,9440512,2,2012-06-27 00:00:00+00:00
235030903,195504,1,2021-07-10 00:00:00+00:00
156889154,8924087,5,2018-02-09 00:00:00+00:00
233478894,911190,5,2021-06-13 00:00:00+00:00
38210778,3551261,2,2012-12-17 00:00:00+00:00
22918934,8056895,3,2012-01-09 00:00:00+00:00
29593549,9440512,5,2012-06-22 00:00:00+00:00
3012604,8056895,5,2009-06-23 00:00:00+00:00
16105697,2834535,5,2011-06-19 00:00:00+00:00
98579413,4095873,4,2015-10-02 00:00:00+00:00
65464842,911190,5,2014-03-30 00:00:00+00:00
58791928,2834535,2,2013-12-10 00:00:00+00:00
86954708,9440512,4,2015-04-13 00:00:00+00:00
182013697,4034190,5,2019-03-01 00:00:00+00:00
70386970,2834535,1,2014-06-23 00:00:00+00:00
58643824,9440512,4,2013-12-07 00:00:00+00:00
78816409,4095873,2,2014-11-21 00:00:00+00:00
30134331,195504,3,2012-07-05 00:00:00+00:00
71524138,911190,1,2014-07-13 00:00:00+00:00
111148697,8924087,5,2016-04-05 00:00:00+00:00
252826652,911190,4,2022-06-13 00:00:00+00:00
29852248,2834535,5,2012-06-28 00:00:00+00:00
111996149,2834535,2,2016-04-17 00:00:00+00:00
232496468,911190,2,2021-05-26 00:00:00+00:00
122763665,911190,4,2016-09-23 00:00:00+00:00
105909383,195504,4,2016-01-22 00:00:00+00:00
104153300,911190,1,2015-12-27 00:00:00+00:00
15150267,4095873,2,2011-05-18 00:00:00+00:00
24478517,3551261,5,2012-02-17 00:00:00+00:00
29712648,195504,2,2012-06-25 00:00:00+00:00
43791163,3551261,5,2013-03-24 00:00:00+00:00
253789409,7017670,4,2022-07-01 00:00:00+00:00
110802245,9440512,2,2016-03-31 00:00:00+00:00
64333114,4095873,4,2014-03-12 00:00:00+00:00
58509683,9440512,1,2013-12-05 00:00:00+00:00
187618223,7017670,4,2019-05-27 00:00:00+00:00
161496550,2834535,3,2018-04-17 00:00:00+00:00
36716805,3551261,5,2012-11-19 00:00:00+00:00
200327612,8056895,4,2019-12-25 00:00:00+00:00
2735328,4095873,4,2009-05-29 00:00:00+00:00
11848704,7017670,2,2011-01-08 00:00:00+00:00
163218198,3551261,4,2018-05-12 00:00:00+00:00
161341152,4095873,2,2018-04-14 00:00:00+00:00
125607253,2834535,4,2016-11-04 00:00:00+00:00
194637798,3551261,2,2019-09-22 00:00:00+00:00
148902878,911190,3,2017-10-10 00:00:00+00:00
92049818,7017670,5,2015-06-25 00:00:00+00:00
72277843,4034190,1,2014-07-26 00:00:00+00:00
85746804,2834535,3,2015-03-23 00:00:00+00:00
212808230,7017670,4,2020-07-06 00:00:00+00:00
50737345,8056895,3,2013-07-19 00:00:00+00:00
8495969,7017670,5,2010-07-07 00:00:00+00:00
181659222,7017670,3,2019-02-25 00:00:00+00:00
50640566,3551261,5,2013-07-18 00:00:00+00:00
254488107,9440512,1,2022-07-15 00:00:00+00:00
125765605,8924087,3,2016-11-07 00:00:00+00:00
37316084,2834535,4,2012-11-30 00:00:00+00:00
71996670,2834535,4,2014-07-21 00:00:00+00:00
182521925,8924087,2,2019-03-09 00:00:00+00:00
170028019,4095873,5,2018-08-25 00:00:00+00:00
73296576,8056895,4,2014-08-13 00:00:00+00:00
17119793,9440512,5,2011-07-12 00:00:00+00:00
220900468,7017670,3,2020-11-14 00:00:00+00:00
60694938,195504,1,2014-01-15 00:00:00+00:00
239744304,4095873,4,2021-10-06 00:00:00+00:00
253680006,8924087,3,2022-06-29 00:00:00+00:00
138346841,3551261,3,2017-05-09 00:00:00+00:00
